,ensembl,mouse,human,cluster
0,ENSMUSG00000089889,0610040B10Rik,0610040B10Rik,0
1,ENSMUSG00000097047,1110020A21Rik,1110020A21Rik,1
2,ENSMUSG00000037971,1110032A03Rik,1110032A03Rik,0
3,ENSMUSG00000050088,1600012H06Rik,C6orf120,0
4,ENSMUSG00000054676,1600014C10Rik,C19orf12,0
5,ENSMUSG00000030030,1700003E16Rik,C2orf81,1
6,ENSMUSG00000026831,1700007K13Rik,1700007K13Rik,0
7,ENSMUSG00000020940,1700023F06Rik,1700023F06Rik,0
8,ENSMUSG00000032666,1700025G04Rik,C1orf21,0
9,ENSMUSG00000027327,1700037H04Rik,1700037H04Rik,0
10,ENSMUSG00000101856,1700096K18Rik,1700096K18Rik,0
11,ENSMUSG00000054091,1810037I17Rik,C4orf3,0
12,ENSMUSG00000102112,1810041H14Rik,1810041H14Rik,0
13,ENSMUSG00000073155,1810058I24Rik,1810058I24Rik,1
14,ENSMUSG00000096983,2010015M23Rik,2010015M23Rik,0
15,ENSMUSG00000074829,2010315B03Rik,2010315B03Rik,0
16,ENSMUSG00000013083,2200002J24Rik,2200002J24Rik,1
17,ENSMUSG00000029882,2210010C04Rik,2210010C04Rik,1
18,ENSMUSG00000071252,2210408I21Rik,KIAA0825,0
19,ENSMUSG00000072852,2310040G07Rik,2310040G07Rik,0
20,ENSMUSG00000105858,2310074N15Rik,2310074N15Rik,0
21,ENSMUSG00000071632,2510002D24Rik,C22orf39,1
22,ENSMUSG00000043391,2510009E07Rik,C3orf70,1
23,ENSMUSG00000053080,2700081O15Rik,2700081O15Rik,1
24,ENSMUSG00000087497,2810001G20Rik,2810001G20Rik,1
25,ENSMUSG00000047635,2810006K23Rik,2810006K23Rik,1
26,ENSMUSG00000020491,2810021J22Rik,2810021J22Rik,0
27,ENSMUSG00000028060,2810403A07Rik,2810403A07Rik,1
28,ENSMUSG00000085030,2810455O05Rik,2810455O05Rik,1
29,ENSMUSG00000051339,2900026A02Rik,KIAA1671,1
30,ENSMUSG00000102869,2900097C17Rik,2900097C17Rik,0
31,ENSMUSG00000025102,3110040N11Rik,C15orf40,0
32,ENSMUSG00000053553,3110082I17Rik,C7orf50,0
33,ENSMUSG00000042579,4632404H12Rik,4632404H12Rik,1
34,ENSMUSG00000097350,4732491K20Rik,4732491K20Rik,1
35,ENSMUSG00000108456,4732496C06Rik,4732496C06Rik,1
36,ENSMUSG00000025871,4833439L19Rik,KIAA1191,1
37,ENSMUSG00000027309,4930402H24Rik,4930402H24Rik,1
38,ENSMUSG00000072762,4930522L14Rik,4930522L14Rik,0
39,ENSMUSG00000066571,4931406P16Rik,4931406P16Rik,1
40,ENSMUSG00000097908,4933404O12Rik,4933404O12Rik,1
41,ENSMUSG00000108811,4933432K03Rik,4933432K03Rik,1
42,ENSMUSG00000096932,5033403F01Rik,5033403F01Rik,0
43,ENSMUSG00000040412,5330417C22Rik,5330417C22Rik,0
44,ENSMUSG00000020703,5530401A14Rik,5530401A14Rik,1
45,ENSMUSG00000073755,5730409E04Rik,C1orf216,1
46,ENSMUSG00000018451,6330403K07Rik,6330403K07Rik,0
47,ENSMUSG00000048489,8430408G22Rik,8430408G22Rik,0
48,ENSMUSG00000039901,9130011E15Rik,9130011E15Rik,1
49,ENSMUSG00000030823,9130019O22Rik,ZNF764,1
50,ENSMUSG00000089874,9230117E06Rik,9230117E06Rik,0
51,ENSMUSG00000106164,9430085M18Rik,9430085M18Rik,0
52,ENSMUSG00000097006,9530082P21Rik,9530082P21Rik,1
53,ENSMUSG00000113880,A030005L19Rik,A030005L19Rik,0
54,ENSMUSG00000079144,A130010J15Rik,C1orf74,0
55,ENSMUSG00000112639,A730063M14Rik,A730063M14Rik,0
56,ENSMUSG00000085958,A930019D19Rik,A930019D19Rik,0
57,ENSMUSG00000096988,A930029G22Rik,A930029G22Rik,0
58,ENSMUSG00000110773,AC061963.1,AC061963.1,1
59,ENSMUSG00000116652,AC078895.1,AC078895.1,1
60,ENSMUSG00000116288,AC116487.2,AC116487.2,0
61,ENSMUSG00000116814,AC154438.1,AC154438.1,0
62,ENSMUSG00000115220,AC154760.1,AC154760.1,0
63,ENSMUSG00000116066,AC162693.1,AC162693.1,1
64,ENSMUSG00000116858,AC165953.2,AC165953.2,1
65,ENSMUSG00000062753,AI413582,AI413582,1
66,ENSMUSG00000074873,AI606181,AI606181,0
67,ENSMUSG00000116697,AL589692.1,AL589692.1,0
68,ENSMUSG00000116508,AL591952.3,AL591952.3,0
69,ENSMUSG00000041935,AW549877,AW549877,1
70,ENSMUSG00000033632,AW554918,KIAA1328,0
71,ENSMUSG00000105361,AY036118,AY036118,1
72,ENSMUSG00000057230,Aak1,AAK1,0
73,ENSMUSG00000068522,Aard,AARD,0
74,ENSMUSG00000057880,Abat,ABAT,1
75,ENSMUSG00000024130,Abca3,ABCA3,0
76,ENSMUSG00000018800,Abca5,ABCA5,0
77,ENSMUSG00000040136,Abcc8,ABCC8,0
78,ENSMUSG00000031378,Abcd1,ABCD1,1
79,ENSMUSG00000028127,Abcd3,ABCD3,1
80,ENSMUSG00000024030,Abcg1,ABCG1,1
81,ENSMUSG00000003346,Abhd17a,ABHD17A,0
82,ENSMUSG00000039202,Abhd2,ABHD2,1
83,ENSMUSG00000017631,Abr,ABR,0
84,ENSMUSG00000042647,Acad12,ACAD10,0
85,ENSMUSG00000023832,Acat2,ACAT2,1
86,ENSMUSG00000026499,Acbd3,ACBD3,0
87,ENSMUSG00000015405,Ace2,ACE2,0
88,ENSMUSG00000023328,Ache,ACHE,0
89,ENSMUSG00000020917,Acly,ACLY,1
90,ENSMUSG00000028405,Aco1,ACO1,1
91,ENSMUSG00000034853,Acot11,ACOT11,0
92,ENSMUSG00000021226,Acot2,ACOT1,1
93,ENSMUSG00000052392,Acot4,ACOT4,1
94,ENSMUSG00000031278,Acsl4,ACSL4,1
95,ENSMUSG00000027605,Acss2,ACSS2,1
96,ENSMUSG00000031972,Acta1,ACTA1,0
97,ENSMUSG00000052374,Actn2,ACTN2,1
98,ENSMUSG00000037351,Actr1b,ACTR1B,0
99,ENSMUSG00000037761,Actr5,ACTR5,1
100,ENSMUSG00000026834,Acvr1c,ACVR1C,0
101,ENSMUSG00000052155,Acvr2a,ACVR2A,1
102,ENSMUSG00000023262,Acy1,ACY1,0
103,ENSMUSG00000027259,Adal,ADAL,0
104,ENSMUSG00000054693,Adam10,ADAM10,1
105,ENSMUSG00000037437,Adam32,ADAM32,1
106,ENSMUSG00000046947,Adck2,ADCK2,0
107,ENSMUSG00000022994,Adcy6,ADCY6,1
108,ENSMUSG00000029090,Adgra3,ADGRA3,0
109,ENSMUSG00000056492,Adgrf5,ADGRF5,0
110,ENSMUSG00000069170,Adgrv1,ADGRV1,1
111,ENSMUSG00000026457,Adipor1,ADIPOR1,0
112,ENSMUSG00000042429,Adora1,ADORA1,1
113,ENSMUSG00000054452,Aes,Aes,1
114,ENSMUSG00000068036,Afdn,AFDN,1
115,ENSMUSG00000049470,Aff4,AFF4,1
116,ENSMUSG00000055013,Agap1,AGAP1,0
117,ENSMUSG00000023353,Agap3,AGAP3,1
118,ENSMUSG00000038836,Agbl3,AGBL3,0
119,ENSMUSG00000021681,Aggf1,AGGF1,1
120,ENSMUSG00000041530,Ago1,AGO1,1
121,ENSMUSG00000027893,Ahcyl1,AHCYL1,1
122,ENSMUSG00000069833,Ahnak,AHNAK,1
123,ENSMUSG00000026817,Ak1,AK1,0
124,ENSMUSG00000039058,Ak5,AK5,0
125,ENSMUSG00000091636,Akain1,AKAIN1,0
126,ENSMUSG00000031023,Akip1,AKIP1,0
127,ENSMUSG00000028692,Akr1a1,AKR1A1,0
128,ENSMUSG00000004056,Akt2,AKT2,1
129,ENSMUSG00000015134,Aldh1a3,ALDH1A3,0
130,ENSMUSG00000020256,Aldh1l2,ALDH1L2,1
131,ENSMUSG00000028737,Aldh4a1,ALDH4A1,1
132,ENSMUSG00000026687,Aldh9a1,ALDH9A1,1
133,ENSMUSG00000042650,Alkbh5,ALKBH5,1
134,ENSMUSG00000060063,Alox5ap,ALOX5AP,0
135,ENSMUSG00000063953,Amd2,AMD1,1
136,ENSMUSG00000048218,Amigo2,AMIGO2,0
137,ENSMUSG00000032607,Amt,AMT,1
138,ENSMUSG00000036977,Anapc10,ANAPC10,0
139,ENSMUSG00000020107,Anapc16,ANAPC16,0
140,ENSMUSG00000026634,Angel2,ANGEL2,1
141,ENSMUSG00000038742,Angptl6,ANGPTL6,1
142,ENSMUSG00000022265,Ank,ANKH,1
143,ENSMUSG00000032826,Ank2,ANK2,1
144,ENSMUSG00000020790,Ankfy1,ANKFY1,1
145,ENSMUSG00000031508,Ankrd10,ANKRD10,1
146,ENSMUSG00000035569,Ankrd11,ANKRD11,0
147,ENSMUSG00000005986,Ankrd13d,ANKRD13D,0
148,ENSMUSG00000066191,Anks6,ANKS6,1
149,ENSMUSG00000034863,Ano8,ANO8,0
150,ENSMUSG00000032231,Anxa2,ANXA2,0
151,ENSMUSG00000027712,Anxa5,ANXA5,0
152,ENSMUSG00000018340,Anxa6,ANXA6,0
153,ENSMUSG00000078651,Aoc2,AOC2,0
154,ENSMUSG00000031731,Ap1g1,AP1G1,1
155,ENSMUSG00000031367,Ap1s2,AP1S2,1
156,ENSMUSG00000031539,Ap3m2,AP3M2,1
157,ENSMUSG00000063801,Ap3s2,AP3S2,1
158,ENSMUSG00000024897,Apba1,APBA1,1
159,ENSMUSG00000015750,Aph1a,APH1A,0
160,ENSMUSG00000006651,Aplp1,APLP1,0
161,ENSMUSG00000040613,Apobec1,APOBEC1,1
162,ENSMUSG00000002985,Apoe,APOE,1
163,ENSMUSG00000037787,Apopt1,Apopt1,0
164,ENSMUSG00000022892,App,APP,0
165,ENSMUSG00000018481,Appbp2,APPBP2,1
166,ENSMUSG00000024411,Aqp4,AQP4,0
167,ENSMUSG00000048076,Arf1,ARF1,0
168,ENSMUSG00000051853,Arf3,ARF3,1
169,ENSMUSG00000067851,Arfgef1,ARFGEF1,0
170,ENSMUSG00000019852,Arfgef3,ARFGEF3,0
171,ENSMUSG00000040459,Arglu1,ARGLU1,1
172,ENSMUSG00000058230,Arhgap35,ARHGAP35,1
173,ENSMUSG00000025132,Arhgdia,ARHGDIA,1
174,ENSMUSG00000041977,Arhgef11,ARHGEF11,0
175,ENSMUSG00000029032,Arhgef16,ARHGEF16,1
176,ENSMUSG00000054901,Arhgef33,ARHGEF33,0
177,ENSMUSG00000019564,Arid3a,ARID3A,0
178,ENSMUSG00000057594,Arl16,ARL16,0
179,ENSMUSG00000024944,Arl2,ARL2,1
180,ENSMUSG00000031776,Arl2bp,ARL2BP,1
181,ENSMUSG00000026960,Arl6ip6,ARL6IP6,0
182,ENSMUSG00000026426,Arl8a,ARL8A,1
183,ENSMUSG00000038525,Armc10,ARMC10,1
184,ENSMUSG00000049804,Armcx4,ARMCX4,1
185,ENSMUSG00000008475,Arpc5,ARPC5,1
186,ENSMUSG00000026755,Arpc5l,ARPC5L,0
187,ENSMUSG00000060216,Arrb2,ARRB2,1
188,ENSMUSG00000022620,Arsa,ARSA,1
189,ENSMUSG00000030509,Asb7,ASB7,1
190,ENSMUSG00000038774,Ascc3,ASCC3,1
191,ENSMUSG00000026095,Asnsd1,ASNSD1,0
192,ENSMUSG00000022360,Atad2,ATAD2,1
193,ENSMUSG00000027104,Atf2,ATF2,1
194,ENSMUSG00000026628,Atf3,ATF3,1
195,ENSMUSG00000042406,Atf4,ATF4,0
196,ENSMUSG00000038539,Atf5,ATF5,1
197,ENSMUSG00000027244,Atg13,ATG13,0
198,ENSMUSG00000034218,Atm,ATM,1
199,ENSMUSG00000033161,Atp1a1,ATP1A1,0
200,ENSMUSG00000029467,Atp2a2,ATP2A2,1
201,ENSMUSG00000020788,Atp2a3,ATP2A3,1
202,ENSMUSG00000016252,Atp5e,Atp5e,0
203,ENSMUSG00000006057,Atp5g1,Atp5g1,0
204,ENSMUSG00000062683,Atp5g2,Atp5g2,0
205,ENSMUSG00000018770,Atp5g3,Atp5g3,0
206,ENSMUSG00000034566,Atp5h,Atp5h,0
207,ENSMUSG00000038717,Atp5l,Atp5l,0
208,ENSMUSG00000031007,Atp6ap2,ATP6AP2,0
209,ENSMUSG00000039347,Atp6v0e2,ATP6V0E2,0
210,ENSMUSG00000052459,Atp6v1a,ATP6V1A,1
211,ENSMUSG00000021114,Atp6v1d,ATP6V1D,1
212,ENSMUSG00000039105,Atp6v1g1,ATP6V1G1,1
213,ENSMUSG00000037685,Atp8a1,ATP8A1,1
214,ENSMUSG00000054428,Atpif1,Atpif1,0
215,ENSMUSG00000021738,Atxn7,ATXN7,1
216,ENSMUSG00000020564,Atxn7l1,ATXN7L1,0
217,ENSMUSG00000065990,Aurkaip1,AURKAIP1,0
218,ENSMUSG00000029787,Avl9,AVL9,1
219,ENSMUSG00000045767,B230219D22Rik,C5orf24,1
220,ENSMUSG00000080717,B230307C23Rik,ZNF788P,0
221,ENSMUSG00000060802,B2m,B2M,1
222,ENSMUSG00000050796,B3galt6,B3GALT6,1
223,ENSMUSG00000031803,B3gnt3,B3GNT3,1
224,ENSMUSG00000055629,B4galnt4,B4GALNT4,1
225,ENSMUSG00000028413,B4galt1,B4GALT1,1
226,ENSMUSG00000056124,B4galt6,B4GALT6,0
227,ENSMUSG00000052364,B630019K06Rik,B630019K06Rik,1
228,ENSMUSG00000019132,BC005537,C6orf62,1
229,ENSMUSG00000030780,BC017158,BC017158,1
230,ENSMUSG00000074649,BC029722,BC029722,0
231,ENSMUSG00000032086,Bace1,BACE1,0
232,ENSMUSG00000040605,Bace2,BACE2,1
233,ENSMUSG00000025612,Bach1,BACH1,1
234,ENSMUSG00000037316,Bag4,BAG4,1
235,ENSMUSG00000024392,Bag6,BAG6,1
236,ENSMUSG00000040007,Bahd1,BAHD1,1
237,ENSMUSG00000025372,Baiap2,BAIAP2,0
238,ENSMUSG00000024844,Banf1,BANF1,1
239,ENSMUSG00000021901,Bap1,BAP1,1
240,ENSMUSG00000002748,Baz1b,BAZ1B,1
241,ENSMUSG00000031755,Bbs2,BBS2,1
242,ENSMUSG00000025235,Bbs4,BBS4,0
243,ENSMUSG00000022641,Bbx,BBX,0
244,ENSMUSG00000053175,Bcl3,BCL3,1
245,ENSMUSG00000000317,Bcl6b,BCL6B,0
246,ENSMUSG00000029438,Bcl7a,BCL7A,1
247,ENSMUSG00000036959,Bcorl1,BCORL1,1
248,ENSMUSG00000009681,Bcr,BCR,1
249,ENSMUSG00000046598,Bdh1,BDH1,1
250,ENSMUSG00000092060,Bend4,BEND4,1
251,ENSMUSG00000042750,Bex2,BEX1,0
252,ENSMUSG00000046432,Bex3,BEX3,0
253,ENSMUSG00000031375,Bgn,BGN,1
254,ENSMUSG00000030256,Bhlhe41,BHLHE41,1
255,ENSMUSG00000041609,Bicdl1,BICDL1,0
256,ENSMUSG00000016758,Bik,BIK,0
257,ENSMUSG00000032000,Birc3,BIRC3,1
258,ENSMUSG00000057667,Bloc1s3,BLOC1S3,0
259,ENSMUSG00000060708,Bloc1s4,BLOC1S4,0
260,ENSMUSG00000038982,Bloc1s5,BLOC1S5,0
261,ENSMUSG00000005804,Bloc1s6,BLOC1S6,1
262,ENSMUSG00000026739,Bmi1,BMI1,1
263,ENSMUSG00000045160,Bola3,BOLA3,1
264,ENSMUSG00000040481,Bptf,BPTF,1
265,ENSMUSG00000024335,Brd2,BRD2,1
266,ENSMUSG00000024002,Brd4,BRD4,1
267,ENSMUSG00000085208,Brip1os,Brip1os,0
268,ENSMUSG00000023175,Bsg,BSG,0
269,ENSMUSG00000021660,Btf3,BTF3,0
270,ENSMUSG00000020423,Btg2,BTG2,0
271,ENSMUSG00000020547,Bzw2,BZW2,0
272,ENSMUSG00000087574,C030037D09Rik,C030037D09Rik,1
273,ENSMUSG00000023571,C1qtnf12,C1QTNF12,0
274,ENSMUSG00000040794,C1qtnf4,C1QTNF4,0
275,ENSMUSG00000032120,C2cd2l,C2CD2L,1
276,ENSMUSG00000047248,C2cd3,C2CD3,1
277,ENSMUSG00000047990,C2cd4a,C2CD4A,1
278,ENSMUSG00000091956,C2cd4b,C2CD4B,1
279,ENSMUSG00000045912,C2cd4c,C2CD4C,0
280,ENSMUSG00000110710,C78859,C78859,1
281,ENSMUSG00000028578,Caap1,CAAP1,1
282,ENSMUSG00000009075,Cabp7,CABP7,1
283,ENSMUSG00000015488,Cacfd1,CACFD1,1
284,ENSMUSG00000040118,Cacna2d1,CACNA2D1,1
285,ENSMUSG00000020882,Cacnb1,CACNB1,0
286,ENSMUSG00000054423,Cadps,CADPS,0
287,ENSMUSG00000017978,Cadps2,CADPS2,0
288,ENSMUSG00000029761,Cald1,CALD1,0
289,ENSMUSG00000003814,Calr,CALR,0
290,ENSMUSG00000016179,Camk1g,CAMK1G,0
291,ENSMUSG00000057897,Camk2b,CAMK2B,0
292,ENSMUSG00000046447,Camk2n1,CAMK2N1,1
293,ENSMUSG00000040712,Camta2,CAMTA2,1
294,ENSMUSG00000020368,Canx,CANX,1
295,ENSMUSG00000035547,Capn5,CAPN5,0
296,ENSMUSG00000027184,Caprin1,CAPRIN1,1
297,ENSMUSG00000041261,Car8,CA8,0
298,ENSMUSG00000037960,Card19,CARD19,0
299,ENSMUSG00000021647,Cartpt,CARTPT,0
300,ENSMUSG00000029863,Casp2,CASP2,1
301,ENSMUSG00000025076,Casp7,CASP7,0
302,ENSMUSG00000028282,Casp8ap2,CASP8AP2,1
303,ENSMUSG00000021585,Cast,CAST,0
304,ENSMUSG00000048003,Catsper4,CATSPER4,0
305,ENSMUSG00000006362,Cbfa2t3,CBFA2T3,0
306,ENSMUSG00000020659,Cbll1,CBLL1,0
307,ENSMUSG00000024878,Cbwd1,Cbwd1,0
308,ENSMUSG00000018666,Cbx1,CBX1,1
309,ENSMUSG00000029836,Cbx3,CBX3,0
310,ENSMUSG00000036686,Cc2d1a,CC2D1A,1
311,ENSMUSG00000034795,Ccdc122,CCDC122,0
312,ENSMUSG00000034303,Ccdc15,CCDC15,0
313,ENSMUSG00000091119,Ccdc152,CCDC152,0
314,ENSMUSG00000039983,Ccdc32,CCDC32,1
315,ENSMUSG00000020925,Ccdc43,CCDC43,1
316,ENSMUSG00000048445,Ccdc57,CCDC57,0
317,ENSMUSG00000074358,Ccdc61,CCDC61,1
318,ENSMUSG00000090946,Ccdc71l,CCDC71L,0
319,ENSMUSG00000030177,Ccdc77,CCDC77,0
320,ENSMUSG00000037979,Ccdc92,CCDC92,0
321,ENSMUSG00000003208,Ccdc94,Ccdc94,1
322,ENSMUSG00000002608,Ccdc97,CCDC97,1
323,ENSMUSG00000032532,Cck,CCK,0
324,ENSMUSG00000035385,Ccl2,CCL13,1
325,ENSMUSG00000000982,Ccl3,CCL18,1
326,ENSMUSG00000018930,Ccl4,CCL4,1
327,ENSMUSG00000035042,Ccl5,CCL5,1
328,ENSMUSG00000070348,Ccnd1,CCND1,0
329,ENSMUSG00000000184,Ccnd2,CCND2,1
330,ENSMUSG00000002068,Ccne1,CCNE1,0
331,ENSMUSG00000029385,Ccng2,CCNG2,0
332,ENSMUSG00000063015,Ccni,CCNI,0
333,ENSMUSG00000034024,Cct2,CCT2,0
334,ENSMUSG00000007739,Cct4,CCT4,0
335,ENSMUSG00000019818,Cd164,CD164,1
336,ENSMUSG00000047139,Cd24a,CD24,0
337,ENSMUSG00000016496,Cd274,CD274,1
338,ENSMUSG00000061665,Cd2ap,CD2AP,1
339,ENSMUSG00000042502,Cd2bp2,CD2BP2,1
340,ENSMUSG00000005087,Cd44,CD44,0
341,ENSMUSG00000055447,Cd47,CD47,0
342,ENSMUSG00000025351,Cd63,CD63,1
343,ENSMUSG00000024610,Cd74,CD74,1
344,ENSMUSG00000037706,Cd81,CD81,0
345,ENSMUSG00000030342,Cd9,CD9,0
346,ENSMUSG00000035776,Cd99l2,CD99L2,0
347,ENSMUSG00000033502,Cdc14a,CDC14A,0
348,ENSMUSG00000033102,Cdc14b,CDC14B,1
349,ENSMUSG00000066149,Cdc26,CDC26,0
350,ENSMUSG00000020687,Cdc27,CDC27,1
351,ENSMUSG00000020307,Cdc34,CDC34,0
352,ENSMUSG00000006699,Cdc42,CDC42,1
353,ENSMUSG00000024769,Cdc42bpg,CDC42BPG,0
354,ENSMUSG00000046722,Cdc42se1,CDC42SE1,1
355,ENSMUSG00000047832,Cdca4,CDCA4,0
356,ENSMUSG00000035498,Cdcp1,CDCP1,1
357,ENSMUSG00000000305,Cdh4,CDH4,0
358,ENSMUSG00000021803,Cdhr1,CDHR1,1
359,ENSMUSG00000019942,Cdk1,CDK1,0
360,ENSMUSG00000031065,Cdk16,CDK16,1
361,ENSMUSG00000048895,Cdk5r1,CDK5R1,0
362,ENSMUSG00000090071,Cdk5r2,CDK5R2,0
363,ENSMUSG00000029635,Cdk8,CDK8,1
364,ENSMUSG00000031292,Cdkl5,CDKL5,1
365,ENSMUSG00000023067,Cdkn1a,CDKN1A,0
366,ENSMUSG00000003031,Cdkn1b,CDKN1B,1
367,ENSMUSG00000058793,Cds2,CDS2,0
368,ENSMUSG00000032803,Cdv3,CDV3,1
369,ENSMUSG00000056501,Cebpb,CEBPB,1
370,ENSMUSG00000071637,Cebpd,CEBPD,1
371,ENSMUSG00000026818,Cel,CEL,1
372,ENSMUSG00000023031,Cela1,CELA1,1
373,ENSMUSG00000058579,Cela2a,CELA2A,1
374,ENSMUSG00000023433,Cela3b,CELA3A,1
375,ENSMUSG00000005506,Celf1,CELF1,1
376,ENSMUSG00000002107,Celf2,CELF2,1
377,ENSMUSG00000023473,Celsr3,CELSR3,1
378,ENSMUSG00000026605,Cenpf,CENPF,0
379,ENSMUSG00000025144,Cenpx,CENPX,0
380,ENSMUSG00000048799,Cep120,CEP120,1
381,ENSMUSG00000043987,Cep164,CEP164,0
382,ENSMUSG00000035790,Cep19,CEP19,0
383,ENSMUSG00000019971,Cep290,CEP290,1
384,ENSMUSG00000073542,Cep76,CEP76,0
385,ENSMUSG00000041491,Cep78,CEP78,0
386,ENSMUSG00000020024,Cep83,CEP83,1
387,ENSMUSG00000023072,Cep89,CEP89,0
388,ENSMUSG00000015714,Cers2,CERS2,0
389,ENSMUSG00000020462,Cfap36,CFAP36,0
390,ENSMUSG00000040473,Cfap69,CFAP69,1
391,ENSMUSG00000056201,Cfl1,CFL1,1
392,ENSMUSG00000026031,Cflar,CFLAR,1
393,ENSMUSG00000027313,Chac1,CHAC1,0
394,ENSMUSG00000049422,Chchd10,CHCHD10,1
395,ENSMUSG00000070493,Chchd2,CHCHD2,0
396,ENSMUSG00000005045,Chd5,CHD5,1
397,ENSMUSG00000041235,Chd7,CHD7,1
398,ENSMUSG00000052488,Cherp,CHERP,1
399,ENSMUSG00000031327,Chic1,CHIC1,0
400,ENSMUSG00000029229,Chic2,CHIC2,0
401,ENSMUSG00000025512,Chid1,CHID1,0
402,ENSMUSG00000024843,Chka,CHKA,1
403,ENSMUSG00000027536,Chmp4c,CHMP4C,1
404,ENSMUSG00000056486,Chn1,CHN1,1
405,ENSMUSG00000001774,Chordc1,CHORDC1,1
406,ENSMUSG00000014077,Chp1,CHP1,0
407,ENSMUSG00000086382,Chrna1os,Chrna1os,0
408,ENSMUSG00000026080,Chst10,CHST10,0
409,ENSMUSG00000034612,Chst11,CHST11,0
410,ENSMUSG00000001017,Chtop,CHTOP,1
411,ENSMUSG00000024526,Cidea,CIDEA,0
412,ENSMUSG00000001270,Ckb,CKB,0
413,ENSMUSG00000033392,Clasp2,CLASP2,1
414,ENSMUSG00000022843,Clcn2,CLCN2,0
415,ENSMUSG00000046798,Cldn12,CLDN12,1
416,ENSMUSG00000055976,Cldn23,CLDN23,0
417,ENSMUSG00000047501,Cldn4,CLDN4,1
418,ENSMUSG00000068663,Clec16a,CLEC16A,1
419,ENSMUSG00000037242,Clic4,CLIC4,1
420,ENSMUSG00000063146,Clip2,CLIP2,0
421,ENSMUSG00000024059,Clip4,CLIP4,0
422,ENSMUSG00000032245,Cln6,CLN6,1
423,ENSMUSG00000027079,Clp1,CLP1,1
424,ENSMUSG00000021610,Clptm1l,CLPTM1L,0
425,ENSMUSG00000028478,Clta,CLTA,0
426,ENSMUSG00000022037,Clu,CLU,0
427,ENSMUSG00000025545,Clybl,CLYBL,0
428,ENSMUSG00000030282,Cmas,CMAS,0
429,ENSMUSG00000039163,Cmc1,CMC1,0
430,ENSMUSG00000090110,Cmc4,CMC4,0
431,ENSMUSG00000020638,Cmpk2,CMPK2,1
432,ENSMUSG00000096188,Cmtm4,CMTM4,1
433,ENSMUSG00000038085,Cnbd2,CNBD2,1
434,ENSMUSG00000028841,Cnksr1,CNKSR1,1
435,ENSMUSG00000038070,Cntln,CNTLN,0
436,ENSMUSG00000057110,Cntrl,CNTRL,1
437,ENSMUSG00000017188,Coa3,COA3,0
438,ENSMUSG00000020173,Cobl,COBL,0
439,ENSMUSG00000034893,Cog3,COG3,1
440,ENSMUSG00000001506,Col1a1,COL1A1,1
441,ENSMUSG00000029661,Col1a2,COL1A2,1
442,ENSMUSG00000026043,Col3a1,COL3A1,1
443,ENSMUSG00000031502,Col4a1,COL4A1,1
444,ENSMUSG00000026553,Copa,COPA,0
445,ENSMUSG00000030754,Copb1,COPB1,0
446,ENSMUSG00000055681,Cope,COPE,0
447,ENSMUSG00000030127,Cops7a,COPS7A,1
448,ENSMUSG00000073616,Cops9,COPS9,0
449,ENSMUSG00000060992,Copz1,COPZ1,1
450,ENSMUSG00000018672,Copz2,COPZ2,0
451,ENSMUSG00000024835,Coro1b,CORO1B,1
452,ENSMUSG00000004530,Coro1c,CORO1C,1
453,ENSMUSG00000035505,Cox18,COX18,0
454,ENSMUSG00000031818,Cox4i1,COX4I1,0
455,ENSMUSG00000030785,Cox6a2,COX6A2,1
456,ENSMUSG00000036751,Cox6b1,COX6B1,0
457,ENSMUSG00000014313,Cox6c,COX6C,0
458,ENSMUSG00000032330,Cox7a2,COX7A2,0
459,ENSMUSG00000024248,Cox7a2l,COX7A2L,0
460,ENSMUSG00000031231,Cox7b,COX7B,0
461,ENSMUSG00000017778,Cox7c,COX7C,0
462,ENSMUSG00000035885,Cox8a,COX8A,0
463,ENSMUSG00000054446,Cpa1,CPA1,1
464,ENSMUSG00000011463,Cpb1,CPB1,1
465,ENSMUSG00000039652,Cpeb3,CPEB3,0
466,ENSMUSG00000020300,Cpeb4,CPEB4,1
467,ENSMUSG00000025867,Cplx2,CPLX2,0
468,ENSMUSG00000032652,Crebl2,CREBL2,0
469,ENSMUSG00000050967,Creg2,CREG2,0
470,ENSMUSG00000023272,Creld2,CRELD2,0
471,ENSMUSG00000006360,Crip1,CRIP1,0
472,ENSMUSG00000029121,Crmp1,CRMP1,0
473,ENSMUSG00000029343,Crybb1,CRYBB1,1
474,ENSMUSG00000029352,Crybb3,CRYBB3,1
475,ENSMUSG00000068823,Csde1,CSDE1,1
476,ENSMUSG00000002718,Cse1l,CSE1L,1
477,ENSMUSG00000014599,Csf1,CSF1,1
478,ENSMUSG00000024576,Csnk1a1,CSNK1A1,1
479,ENSMUSG00000027447,Cst3,CST3,0
480,ENSMUSG00000053536,Cstf2t,CSTF2T,1
481,ENSMUSG00000030970,Ctbp2,CTBP2,1
482,ENSMUSG00000026176,Ctdsp1,CTDSP1,1
483,ENSMUSG00000078429,Ctdsp2,CTDSP2,1
484,ENSMUSG00000052928,Ctif,CTIF,0
485,ENSMUSG00000037815,Ctnna1,CTNNA1,1
486,ENSMUSG00000028988,Ctnnbip1,CTNNBIP1,1
487,ENSMUSG00000034101,Ctnnd1,CTNND1,1
488,ENSMUSG00000031360,Ctps2,CTPS2,0
489,ENSMUSG00000031896,Ctrl,CTRL,1
490,ENSMUSG00000028015,Ctso,CTSO,1
491,ENSMUSG00000026870,Cutal,CUTALP,1
492,ENSMUSG00000034855,Cxcl10,CXCL10,1
493,ENSMUSG00000018920,Cxcl16,CXCL16,1
494,ENSMUSG00000058427,Cxcl2,CXCL1,1
495,ENSMUSG00000024560,Cxxc1,CXXC1,0
496,ENSMUSG00000046668,Cxxc5,CXXC5,0
497,ENSMUSG00000057778,Cyb5d2,CYB5D2,1
498,ENSMUSG00000018042,Cyb5r3,CYB5R3,1
499,ENSMUSG00000052914,Cyp2j6,CYP2J2,0
500,ENSMUSG00000001467,Cyp51,CYP51A1,1
501,ENSMUSG00000079038,D130040H23Rik,ZNF781,1
502,ENSMUSG00000056692,D17Wsu92e,D17Wsu92e,1
503,ENSMUSG00000033883,D3Ertd254e,D3Ertd254e,1
504,ENSMUSG00000025766,D3Ertd751e,C4orf33,1
505,ENSMUSG00000094910,D430019H16Rik,C14orf132,0
506,ENSMUSG00000052117,D630039A03Rik,C9orf152,0
507,ENSMUSG00000055639,Dach1,DACH1,1
508,ENSMUSG00000022174,Dad1,DAD1,0
509,ENSMUSG00000035735,Dagla,DAGLA,0
510,ENSMUSG00000039168,Dap,DAP,0
511,ENSMUSG00000026989,Dapl1,DAPL1,0
512,ENSMUSG00000059824,Dbp,DBP,1
513,ENSMUSG00000022214,Dcaf11,DCAF11,1
514,ENSMUSG00000037103,Dcaf15,DCAF15,1
515,ENSMUSG00000027845,Dclre1b,DCLRE1B,0
516,ENSMUSG00000019929,Dcn,DCN,1
517,ENSMUSG00000028447,Dctn3,DCTN3,0
518,ENSMUSG00000027708,Dcun1d1,DCUN1D1,0
519,ENSMUSG00000051674,Dcun1d4,DCUN1D4,1
520,ENSMUSG00000031285,Dcx,DCX,0
521,ENSMUSG00000039450,Dcxr,DCXR,0
522,ENSMUSG00000020182,Ddc,DDC,0
523,ENSMUSG00000061313,Ddhd2,DDHD2,1
524,ENSMUSG00000025408,Ddit3,DDIT3,1
525,ENSMUSG00000028757,Ddost,DDOST,0
526,ENSMUSG00000055065,Ddx17,DDX17,1
527,ENSMUSG00000000787,Ddx3x,DDX3X,1
528,ENSMUSG00000069045,Ddx3y,DDX3Y,1
529,ENSMUSG00000020719,Ddx5,DDX5,1
530,ENSMUSG00000040296,Ddx58,Ddx58,1
531,ENSMUSG00000032097,Ddx6,DDX6,1
532,ENSMUSG00000036775,Decr2,DECR2,1
533,ENSMUSG00000001482,Def8,DEF8,0
534,ENSMUSG00000044748,Defb1,DEFB1,0
535,ENSMUSG00000022365,Derl1,DERL1,0
536,ENSMUSG00000022555,Dgat1,DGAT1,0
537,ENSMUSG00000030747,Dgat2,DGAT2,0
538,ENSMUSG00000022861,Dgkg,DGKG,0
539,ENSMUSG00000012117,Dhdds,DHDDS,0
540,ENSMUSG00000011382,Dhdh,DHDH,1
541,ENSMUSG00000025815,Dhtkd1,DHTKD1,0
542,ENSMUSG00000040620,Dhx33,DHX33,1
543,ENSMUSG00000027770,Dhx36,DHX36,0
544,ENSMUSG00000034931,Dhx8,DHX8,1
545,ENSMUSG00000038914,Dido1,DIDO1,1
546,ENSMUSG00000048264,Dip2c,DIP2C,1
547,ENSMUSG00000040035,Disp2,DISP2,1
548,ENSMUSG00000022770,Dlg1,DLG1,0
549,ENSMUSG00000021782,Dlg5,DLG5,0
550,ENSMUSG00000040856,Dlk1,DLK1,0
551,ENSMUSG00000028398,Dmac1,DMAC1,0
552,ENSMUSG00000031323,Dmrtc1a,DMRTC1,0
553,ENSMUSG00000025857,Dnaaf5,DNAAF5,1
554,ENSMUSG00000033826,Dnah8,DNAH8,0
555,ENSMUSG00000028410,Dnaja1,DNAJA1,1
556,ENSMUSG00000031701,Dnaja2,DNAJA2,1
557,ENSMUSG00000004069,Dnaja3,DNAJA3,1
558,ENSMUSG00000005483,Dnajb1,DNAJB1,1
559,ENSMUSG00000014905,Dnajb9,DNAJB9,0
560,ENSMUSG00000022136,Dnajc3,DNAJC3,0
561,ENSMUSG00000021811,Dnajc9,DNAJC9,0
562,ENSMUSG00000022789,Dnm1l,DNM1L,0
563,ENSMUSG00000040265,Dnm3,DNM3,0
564,ENSMUSG00000025195,Dnmbp,DNMBP,0
565,ENSMUSG00000058325,Dock1,DOCK1,1
566,ENSMUSG00000026856,Dolpp1,DOLPP1,1
567,ENSMUSG00000057147,Dph6,DPH6,0
568,ENSMUSG00000026975,Dph7,DPH7,1
569,ENSMUSG00000042737,Dpm3,DPM3,0
570,ENSMUSG00000043067,Dpy19l1,DPY19L1,0
571,ENSMUSG00000024914,Drap1,DRAP1,0
572,ENSMUSG00000020457,Drg1,DRG1,0
573,ENSMUSG00000039497,Dse,DSE,0
574,ENSMUSG00000026131,Dst,DST,1
575,ENSMUSG00000015932,Dstn,DSTN,1
576,ENSMUSG00000023330,Dtwd1,DTWD1,0
577,ENSMUSG00000004947,Dtx2,DTX2,1
578,ENSMUSG00000040415,Dtx3,DTX3,1
579,ENSMUSG00000049502,Dtx3l,DTX3L,1
580,ENSMUSG00000039384,Dusp10,DUSP10,1
581,ENSMUSG00000003518,Dusp3,DUSP3,1
582,ENSMUSG00000034765,Dusp5,DUSP5,0
583,ENSMUSG00000003233,Dvl3,DVL3,0
584,ENSMUSG00000020483,Dynll2,DYNLL2,1
585,ENSMUSG00000092074,Dynlt1a,DYNLT1,0
586,ENSMUSG00000037259,Dzank1,DZANK1,1
587,ENSMUSG00000057469,E2f6,E2F6,0
588,ENSMUSG00000037172,E330009J07Rik,E330009J07Rik,1
589,ENSMUSG00000057530,Ece1,ECE1,1
590,ENSMUSG00000022842,Ece2,ECE2,0
591,ENSMUSG00000059327,Eda,EDA,0
592,ENSMUSG00000036270,Edc4,EDC4,1
593,ENSMUSG00000025967,Eef1b2,EEF1B2,0
594,ENSMUSG00000071644,Eef1g,EEF1G,0
595,ENSMUSG00000034994,Eef2,EEF2,0
596,ENSMUSG00000034210,Efcab14,EFCAB14,1
597,ENSMUSG00000026495,Efcab2,EFCAB2,1
598,ENSMUSG00000048915,Efna5,EFNA5,1
599,ENSMUSG00000031217,Efnb1,EFNB1,0
600,ENSMUSG00000015002,Efr3a,EFR3A,1
601,ENSMUSG00000028017,Egf,EGF,0
602,ENSMUSG00000026921,Egfl7,EGFL7,0
603,ENSMUSG00000031987,Egln1,EGLN1,0
604,ENSMUSG00000038418,Egr1,EGR1,0
605,ENSMUSG00000042302,Ehbp1,EHBP1,0
606,ENSMUSG00000024991,Eif3a,EIF3A,0
607,ENSMUSG00000031029,Eif3f,EIF3F,0
608,ENSMUSG00000027170,Eif3m,EIF3M,0
609,ENSMUSG00000022884,Eif4a2,EIF4A2,1
610,ENSMUSG00000005610,Eif4g2,EIF4G2,0
611,ENSMUSG00000021282,Eif5,EIF5,0
612,ENSMUSG00000078812,Eif5a,EIF5A,0
613,ENSMUSG00000036941,Elac1,ELAC1,0
614,ENSMUSG00000037174,Elf2,ELF2,1
615,ENSMUSG00000003051,Elf3,ELF3,1
616,ENSMUSG00000008398,Elk3,ELK3,0
617,ENSMUSG00000042507,Elmsan1,Elmsan1,1
618,ENSMUSG00000055839,Elob,ELOB,0
619,ENSMUSG00000041220,Elovl6,ELOVL6,1
620,ENSMUSG00000021696,Elovl7,ELOVL7,0
621,ENSMUSG00000054836,Elp6,ELP6,0
622,ENSMUSG00000021728,Emb,EMB,0
623,ENSMUSG00000051166,Eml5,EML5,1
624,ENSMUSG00000041773,Enc1,ENC1,0
625,ENSMUSG00000028445,Enho,ENHO,0
626,ENSMUSG00000004267,Eno2,ENO2,1
627,ENSMUSG00000060600,Eno3,ENO3,1
628,ENSMUSG00000026383,Epb41l5,EPB41L5,1
629,ENSMUSG00000002808,Epdr1,EPDR1,0
630,ENSMUSG00000033805,Ephx4,EPHX4,0
631,ENSMUSG00000046785,Epm2aip1,EPM2AIP1,1
632,ENSMUSG00000115388,Eppk1,EPPK1,1
633,ENSMUSG00000028552,Eps15,EPS15,0
634,ENSMUSG00000030400,Ercc2,ERCC2,1
635,ENSMUSG00000001576,Ergic1,ERGIC1,0
636,ENSMUSG00000070471,Erich6,ERICH6,1
637,ENSMUSG00000020715,Ern1,ERN1,0
638,ENSMUSG00000057069,Ero1lb,Ero1lb,1
639,ENSMUSG00000028343,Erp44,ERP44,0
640,ENSMUSG00000028967,Errfi1,ERRFI1,1
641,ENSMUSG00000026610,Esrrg,ESRRG,0
642,ENSMUSG00000025366,Esyt1,ESYT1,1
643,ENSMUSG00000022895,Ets2,ETS2,1
644,ENSMUSG00000030199,Etv6,ETV6,1
645,ENSMUSG00000074030,Exoc8,EXOC8,1
646,ENSMUSG00000034584,Exph5,EXPH5,0
647,ENSMUSG00000028886,Eya3,EYA3,1
648,ENSMUSG00000029687,Ezh2,EZH2,0
649,ENSMUSG00000010663,Fads1,FADS1,1
650,ENSMUSG00000025873,Faf2,FAF2,0
651,ENSMUSG00000038014,Fam120a,FAM120A,0
652,ENSMUSG00000025262,Fam120c,FAM120C,0
653,ENSMUSG00000074922,Fam122a,Fam122a,0
654,ENSMUSG00000028995,Fam126a,Fam126a,1
655,ENSMUSG00000026796,Fam129b,Fam129b,1
656,ENSMUSG00000058503,Fam133b,FAM133B,0
657,ENSMUSG00000026153,Fam135a,FAM135A,1
658,ENSMUSG00000034334,Fam151b,FAM151B,0
659,ENSMUSG00000079157,Fam155a,Fam155a,0
660,ENSMUSG00000022095,Fam160b2,Fam160b2,1
661,ENSMUSG00000029461,Fam168a,FAM168A,0
662,ENSMUSG00000050530,Fam171a1,FAM171A1,0
663,ENSMUSG00000064138,Fam172a,FAM172A,0
664,ENSMUSG00000021495,Fam193b,FAM193B,0
665,ENSMUSG00000042595,Fam199x,FAM199X,1
666,ENSMUSG00000057858,Fam204a,FAM204A,0
667,ENSMUSG00000051736,Fam229b,FAM229B,0
668,ENSMUSG00000029672,Fam3c,FAM3C,0
669,ENSMUSG00000046546,Fam43a,FAM43A,1
670,ENSMUSG00000032265,Fam46a,Fam46a,0
671,ENSMUSG00000055184,Fam72a,FAM72A,0
672,ENSMUSG00000028878,Fam76a,FAM76A,1
673,ENSMUSG00000042377,Fam83g,FAM83G,1
674,ENSMUSG00000046761,Fam83h,FAM83H,1
675,ENSMUSG00000020607,Fam84a,Fam84a,1
676,ENSMUSG00000069237,Fam8a1,FAM8A1,1
677,ENSMUSG00000028218,Fam92a,Fam92a,0
678,ENSMUSG00000033458,Fan1,FAN1,0
679,ENSMUSG00000055884,Fancm,FANCM,0
680,ENSMUSG00000053111,Fank1,FANK1,0
681,ENSMUSG00000038274,Fau,FAU,0
682,ENSMUSG00000043323,Fbrsl1,FBRSL1,1
683,ENSMUSG00000025738,Fbxl16,FBXL16,1
684,ENSMUSG00000058594,Fbxo18,Fbxo18,1
685,ENSMUSG00000038365,Fbxo25,FBXO25,0
686,ENSMUSG00000027180,Fbxo3,FBXO3,1
687,ENSMUSG00000047648,Fbxo30,FBXO30,1
688,ENSMUSG00000029001,Fbxo44,FBXO44,1
689,ENSMUSG00000050428,Fbxo46,FBXO46,1
690,ENSMUSG00000001786,Fbxo7,FBXO7,1
691,ENSMUSG00000020271,Fbxw11,FBXW11,1
692,ENSMUSG00000037816,Fbxw17,Fbxw17,1
693,ENSMUSG00000040913,Fbxw4,FBXW4,1
694,ENSMUSG00000028086,Fbxw7,FBXW7,1
695,ENSMUSG00000032867,Fbxw8,FBXW8,1
696,ENSMUSG00000058715,Fcer1g,FCER1G,1
697,ENSMUSG00000032051,Fdx1,FDX1,0
698,ENSMUSG00000024588,Fech,FECH,1
699,ENSMUSG00000000127,Fer,FER,1
700,ENSMUSG00000051314,Ffar2,FFAR2,0
701,ENSMUSG00000024013,Fgd2,FGD2,1
702,ENSMUSG00000022788,Fgd4,FGD4,1
703,ENSMUSG00000040242,Fgfr1op2,FGFR1OP2,1
704,ENSMUSG00000041842,Fhdc1,FHDC1,1
705,ENSMUSG00000023092,Fhl1,FHL1,0
706,ENSMUSG00000003355,Fkbp11,FKBP11,0
707,ENSMUSG00000038074,Fkbp14,FKBP14,0
708,ENSMUSG00000032966,Fkbp1a,FKBP1A,1
709,ENSMUSG00000056629,Fkbp2,FKBP2,0
710,ENSMUSG00000024222,Fkbp5,FKBP5,0
711,ENSMUSG00000029781,Fkbp9,FKBP9,1
712,ENSMUSG00000048920,Fkrp,FKRP,0
713,ENSMUSG00000025278,Flnb,FLNB,1
714,ENSMUSG00000047787,Flrt1,FLRT1,1
715,ENSMUSG00000110206,Flt3l,FLT3LG,1
716,ENSMUSG00000040097,Flywch1,FLYWCH1,1
717,ENSMUSG00000008200,Fnbp4,FNBP4,1
718,ENSMUSG00000033487,Fndc3a,FNDC3A,1
719,ENSMUSG00000035992,Fnip1,FNIP1,1
720,ENSMUSG00000001827,Folr1,FOLR1,0
721,ENSMUSG00000021250,Fos,FOS,0
722,ENSMUSG00000003545,Fosb,FOSB,1
723,ENSMUSG00000003154,Foxj2,FOXJ2,1
724,ENSMUSG00000039275,Foxk2,FOXK2,1
725,ENSMUSG00000034998,Foxn2,FOXN2,0
726,ENSMUSG00000030067,Foxp1,FOXP1,1
727,ENSMUSG00000023991,Foxp4,FOXP4,1
728,ENSMUSG00000053870,Fpgt,FPGT,1
729,ENSMUSG00000033386,Frrs1,FRRS1,0
730,ENSMUSG00000020170,Frs2,FRS2,1
731,ENSMUSG00000027004,Frzb,FRZB,0
732,ENSMUSG00000030530,Furin,FURIN,0
733,ENSMUSG00000039357,Fut11,FUT11,1
734,ENSMUSG00000018765,Fxr2,FXR2,1
735,ENSMUSG00000066705,Fxyd6,FXYD6,0
736,ENSMUSG00000045005,Fzd5,FZD5,1
737,ENSMUSG00000005232,G6pc2,G6PC2,1
738,ENSMUSG00000025579,Gaa,GAA,1
739,ENSMUSG00000018567,Gabarap,GABARAP,1
740,ENSMUSG00000039809,Gabbr2,GABBR2,0
741,ENSMUSG00000015312,Gadd45b,GADD45B,1
742,ENSMUSG00000021453,Gadd45g,GADD45G,1
743,ENSMUSG00000071650,Ganab,GANAB,0
744,ENSMUSG00000062646,Ganc,GANC,0
745,ENSMUSG00000057666,Gapdh,GAPDH,0
746,ENSMUSG00000031451,Gas6,GAS6,1
747,ENSMUSG00000017165,Gast,GAST,0
748,ENSMUSG00000005836,Gata6,GATA6,0
749,ENSMUSG00000007415,Gatad1,GATAD1,0
750,ENSMUSG00000036180,Gatad2a,GATAD2A,0
751,ENSMUSG00000029536,Gatc,GATC,1
752,ENSMUSG00000035540,Gc,GC,0
753,ENSMUSG00000037580,Gch1,GCH1,1
754,ENSMUSG00000041798,Gck,GCK,1
755,ENSMUSG00000032350,Gclc,GCLC,0
756,ENSMUSG00000021360,Gcnt2,GCNT2,0
757,ENSMUSG00000015291,Gdi1,GDI1,1
758,ENSMUSG00000028214,Gem,GEM,1
759,ENSMUSG00000029992,Gfpt1,GFPT1,0
760,ENSMUSG00000025089,Gfra1,GFRA1,0
761,ENSMUSG00000033128,Gga1,GGA1,1
762,ENSMUSG00000031669,Gins3,GINS3,1
763,ENSMUSG00000011877,Git1,GIT1,1
764,ENSMUSG00000068615,Gjd2,GJD2,1
765,ENSMUSG00000036395,Glb1l2,GLB1L2,0
766,ENSMUSG00000029276,Glmn,GLMN,0
767,ENSMUSG00000026473,Glul,GLUL,1
768,ENSMUSG00000022536,Glyr1,GLYR1,0
769,ENSMUSG00000058927,Gm10053,Gm10053,1
770,ENSMUSG00000060143,Gm10076,Gm10076,0
771,ENSMUSG00000072612,Gm10382,Gm10382,0
772,ENSMUSG00000074213,Gm10642,Gm10642,1
773,ENSMUSG00000074215,Gm10643,Gm10643,0
774,ENSMUSG00000074228,Gm10645,Gm10645,1
775,ENSMUSG00000074807,Gm10762,Gm10762,0
776,ENSMUSG00000079505,Gm11131,Gm11131,1
777,ENSMUSG00000086587,Gm11837,C8orf88,0
778,ENSMUSG00000081769,Gm12216,Gm12216,1
779,ENSMUSG00000087006,Gm13889,C11orf96,1
780,ENSMUSG00000086013,Gm15706,Gm15706,0
781,ENSMUSG00000085655,Gm15952,Gm15952,0
782,ENSMUSG00000086287,Gm15972,Gm15972,0
783,ENSMUSG00000087610,Gm16253,Gm16253,0
784,ENSMUSG00000089810,Gm16536,Gm16536,0
785,ENSMUSG00000096981,Gm16845,Gm16845,0
786,ENSMUSG00000097743,Gm16973,Gm16973,1
787,ENSMUSG00000097793,Gm17259,Gm17259,1
788,ENSMUSG00000115426,Gm19510,Gm19510,0
789,ENSMUSG00000103983,Gm20045,Gm20045,0
790,ENSMUSG00000110803,Gm20275,Gm20275,0
791,ENSMUSG00000111080,Gm20300,Gm20300,1
792,ENSMUSG00000101599,Gm20342,Gm20342,0
793,ENSMUSG00000030068,Gm20696,Gm20696,0
794,ENSMUSG00000097789,Gm2115,Gm2115,0
795,ENSMUSG00000040904,Gm21988,Gm21988,0
796,ENSMUSG00000097442,Gm26632,Gm26632,0
797,ENSMUSG00000097911,Gm26691,Gm26691,0
798,ENSMUSG00000098053,Gm27033,Gm27033,1
799,ENSMUSG00000099162,Gm27168,Gm27168,1
800,ENSMUSG00000000594,Gm2a,GM2A,0
801,ENSMUSG00000112433,Gm30122,Gm30122,0
802,ENSMUSG00000114115,Gm30239,Gm30239,1
803,ENSMUSG00000114354,Gm34961,Gm34961,0
804,ENSMUSG00000113170,Gm36839,Gm36839,1
805,ENSMUSG00000103041,Gm37305,Gm37305,1
806,ENSMUSG00000110834,Gm39469,Gm39469,0
807,ENSMUSG00000105161,Gm42595,Gm42595,0
808,ENSMUSG00000106317,Gm43848,Gm43848,0
809,ENSMUSG00000110317,Gm45250,Gm45250,1
810,ENSMUSG00000109780,Gm45447,Gm45447,0
811,ENSMUSG00000110105,Gm45844,Gm45844,1
812,ENSMUSG00000110277,Gm45871,ZNF117,0
813,ENSMUSG00000113440,Gm46404,Gm46404,1
814,ENSMUSG00000111656,Gm47232,Gm47232,0
815,ENSMUSG00000112014,Gm48435,Gm48435,0
816,ENSMUSG00000111160,Gm48855,Gm48855,0
817,ENSMUSG00000115829,Gm48960,Gm48960,1
818,ENSMUSG00000049349,Gm5105,Gm5105,0
819,ENSMUSG00000094504,Gm5294,Gm5294,0
820,ENSMUSG00000042293,Gm5617,C11orf71,0
821,ENSMUSG00000070577,Gm572,C1orf127,0
822,ENSMUSG00000090451,Gm6133,Gm6133,0
823,ENSMUSG00000078887,Gm6710,ZNF117,0
824,ENSMUSG00000049124,Gm8186,Gm8186,0
825,ENSMUSG00000032562,Gnai2,GNAI2,1
826,ENSMUSG00000040009,Gnaz,GNAZ,1
827,ENSMUSG00000029064,Gnb1,GNB1,1
828,ENSMUSG00000029713,Gnb2,GNB2,0
829,ENSMUSG00000036402,Gng12,GNG12,1
830,ENSMUSG00000043004,Gng2,GNG2,0
831,ENSMUSG00000068523,Gng5,GNG5,0
832,ENSMUSG00000052102,Gnpda1,GNPDA1,1
833,ENSMUSG00000034707,Gns,GNS,1
834,ENSMUSG00000038708,Golga4,GOLGA4,0
835,ENSMUSG00000034243,Golgb1,GOLGB1,0
836,ENSMUSG00000030245,Golt1b,GOLT1B,0
837,ENSMUSG00000014959,Gorasp2,GORASP2,0
838,ENSMUSG00000020946,Gosr2,GOSR2,1
839,ENSMUSG00000031672,Got2,GOT2,1
840,ENSMUSG00000024978,Gpam,GPAM,0
841,ENSMUSG00000039210,Gpatch2,GPATCH2,1
842,ENSMUSG00000034042,Gpbp1l1,GPBP1L1,1
843,ENSMUSG00000050627,Gpd1l,GPD1L,1
844,ENSMUSG00000026827,Gpd2,GPD2,1
845,ENSMUSG00000041762,Gpr155,GPR155,0
846,ENSMUSG00000040836,Gpr161,GPR161,0
847,ENSMUSG00000041907,Gpr45,GPR45,1
848,ENSMUSG00000069227,Gprin1,GPRIN1,0
849,ENSMUSG00000063856,Gpx1,GPX1,1
850,ENSMUSG00000018339,Gpx3,GPX3,0
851,ENSMUSG00000075706,Gpx4,GPX4,1
852,ENSMUSG00000020734,Grin2c,GRIN2C,1
853,ENSMUSG00000052783,Grk4,GRK4,0
854,ENSMUSG00000022812,Gsk3b,GSK3B,1
855,ENSMUSG00000026879,Gsn,GSN,1
856,ENSMUSG00000031584,Gsr,GSR,1
857,ENSMUSG00000040562,Gstm2,GSTM1,1
858,ENSMUSG00000020962,Gtf2a1,GTF2A1,1
859,ENSMUSG00000028271,Gtf2b,GTF2B,0
860,ENSMUSG00000021639,Gtf2h2,GTF2H2,0
861,ENSMUSG00000032777,Gtf3c1,GTF3C1,1
862,ENSMUSG00000033416,Gucd1,GUCD1,1
863,ENSMUSG00000020444,Guk1,GUK1,0
864,ENSMUSG00000036197,Gxylt1,GXYLT1,0
865,ENSMUSG00000019528,Gyg,Gyg,0
866,ENSMUSG00000019188,H13,HM13,0
867,ENSMUSG00000096210,H1f0,H1-0,0
868,ENSMUSG00000036594,H2-Aa,HLA-DQA1,1
869,ENSMUSG00000073421,H2-Ab1,HLA-DQB1,1
870,ENSMUSG00000073411,H2-D1,HLA-A,0
871,ENSMUSG00000060586,H2-Eb1,HLA-DRB1,1
872,ENSMUSG00000061232,H2-K1,HLA-A,0
873,ENSMUSG00000073409,H2-Q6,HLA-A,1
874,ENSMUSG00000015937,H2afy,H2afy,1
875,ENSMUSG00000037894,H2afz,H2afz,0
876,ENSMUSG00000060743,H3f3a,H3-3A,0
877,ENSMUSG00000016559,H3f3b,H3-3A,0
878,ENSMUSG00000027984,Hadh,HADH,1
879,ENSMUSG00000006930,Hap1,HAP1,0
880,ENSMUSG00000021613,Hapln1,HAPLN1,1
881,ENSMUSG00000069917,Hba-a2,HBA1,1
882,ENSMUSG00000073940,Hbb-bt,HBB,1
883,ENSMUSG00000024486,Hbegf,HBEGF,0
884,ENSMUSG00000028051,Hcn3,HCN3,1
885,ENSMUSG00000032338,Hcn4,HCN4,1
886,ENSMUSG00000019777,Hdac2,HDAC2,1
887,ENSMUSG00000004897,Hdgf,HDGF,0
888,ENSMUSG00000058979,Hdhd5,HDHD5,1
889,ENSMUSG00000034088,Hdlbp,HDLBP,0
890,ENSMUSG00000046861,Hectd3,HECTD3,1
891,ENSMUSG00000027580,Helz2,HELZ2,1
892,ENSMUSG00000029804,Herc3,HERC3,1
893,ENSMUSG00000020064,Herc4,HERC4,1
894,ENSMUSG00000031770,Herpud1,HERPUD1,0
895,ENSMUSG00000034586,Hid1,HID1,0
896,ENSMUSG00000039959,Hip1,HIP1,1
897,ENSMUSG00000000915,Hip1r,HIP1R,1
898,ENSMUSG00000027177,Hipk3,HIPK3,1
899,ENSMUSG00000036181,Hist1h1c,Hist1h1c,0
900,ENSMUSG00000018102,Hist1h2bc,Hist1h2bc,0
901,ENSMUSG00000047246,Hist1h2be,Hist1h2be,0
902,ENSMUSG00000021366,Hivep1,HIVEP1,1
903,ENSMUSG00000021670,Hmgcr,HMGCR,1
904,ENSMUSG00000093930,Hmgcs1,HMGCS1,1
905,ENSMUSG00000040681,Hmgn1,HMGN1,0
906,ENSMUSG00000066456,Hmgn3,HMGN3,0
907,ENSMUSG00000031245,Hmgn5,HMGN5,0
908,ENSMUSG00000024622,Hmgxb3,HMGXB3,1
909,ENSMUSG00000020679,Hnf1b,HNF1B,1
910,ENSMUSG00000017950,Hnf4a,HNF4A,0
911,ENSMUSG00000004980,Hnrnpa2b1,HNRNPA2B1,0
912,ENSMUSG00000021546,Hnrnpk,HNRNPK,0
913,ENSMUSG00000015165,Hnrnpl,HNRNPL,0
914,ENSMUSG00000066037,Hnrnpr,HNRNPR,1
915,ENSMUSG00000071659,Hnrnpul2,HNRNPUL2,1
916,ENSMUSG00000025630,Hprt,Hprt,0
917,ENSMUSG00000045216,Hs6st1,HS6ST1,1
918,ENSMUSG00000043510,Hscb,HSCB,0
919,ENSMUSG00000025260,Hsd17b10,HSD17B10,0
920,ENSMUSG00000026675,Hsd17b7,HSD17B7,1
921,ENSMUSG00000019878,Hsf2,HSF2,0
922,ENSMUSG00000021270,Hsp90aa1,HSP90AA1,0
923,ENSMUSG00000023944,Hsp90ab1,HSP90AB1,0
924,ENSMUSG00000020048,Hsp90b1,HSP90B1,0
925,ENSMUSG00000091971,Hspa1a,HSPA1A,0
926,ENSMUSG00000090877,Hspa1b,HSPA1A,0
927,ENSMUSG00000015656,Hspa8,HSPA8,0
928,ENSMUSG00000024359,Hspa9,HSPA9,1
929,ENSMUSG00000004951,Hspb1,HSPB1,0
930,ENSMUSG00000036854,Hspb6,HSPB6,1
931,ENSMUSG00000073676,Hspe1,HSPE1,0
932,ENSMUSG00000029657,Hsph1,HSPH1,1
933,ENSMUSG00000032115,Hyou1,HYOU1,1
934,ENSMUSG00000037405,Icam1,ICAM1,1
935,ENSMUSG00000009828,Ick,Ick,0
936,ENSMUSG00000020644,Id2,ID2,1
937,ENSMUSG00000007872,Id3,ID3,0
938,ENSMUSG00000030541,Idh2,IDH2,1
939,ENSMUSG00000035847,Ids,IDS,1
940,ENSMUSG00000033540,Idua,IDUA,1
941,ENSMUSG00000053560,Ier2,IER2,0
942,ENSMUSG00000003541,Ier3,IER3,1
943,ENSMUSG00000090000,Ier3ip1,IER3IP1,0
944,ENSMUSG00000034459,Ifit1,IFIT1,1
945,ENSMUSG00000074896,Ifit3,IFIT3,1
946,ENSMUSG00000062488,Ifit3b,IFIT3,1
947,ENSMUSG00000025492,Ifitm3,IFITM2,1
948,ENSMUSG00000020009,Ifngr1,IFNGR1,0
949,ENSMUSG00000001105,Ift20,IFT20,0
950,ENSMUSG00000023830,Igf2r,IGF2R,1
951,ENSMUSG00000036256,Igfbp7,IGFBP7,0
952,ENSMUSG00000000159,Igsf5,IGSF5,0
953,ENSMUSG00000054072,Iigp1,Iigp1,1
954,ENSMUSG00000042349,Ikbke,IKBKE,1
955,ENSMUSG00000023206,Il15ra,IL15RA,1
956,ENSMUSG00000050222,Il17d,IL17D,1
957,ENSMUSG00000070427,Il18bp,IL18BP,1
958,ENSMUSG00000027398,Il1b,IL1B,1
959,ENSMUSG00000026072,Il1r1,IL1R1,1
960,ENSMUSG00000022900,Ildr1,ILDR1,0
961,ENSMUSG00000032763,Ilvbl,ILVBL,0
962,ENSMUSG00000042670,Immp1l,IMMP1L,1
963,ENSMUSG00000056899,Immp2l,IMMP2L,0
964,ENSMUSG00000066324,Impad1,Impad1,1
965,ENSMUSG00000040865,Ino80d,INO80D,1
966,ENSMUSG00000026113,Inpp4a,INPP4A,1
967,ENSMUSG00000045294,Insig1,INSIG1,1
968,ENSMUSG00000068154,Insm1,INSM1,0
969,ENSMUSG00000005640,Insrr,INSRR,1
970,ENSMUSG00000029034,Ints11,INTS11,1
971,ENSMUSG00000071652,Ints5,INTS5,1
972,ENSMUSG00000035161,Ints6,INTS6,1
973,ENSMUSG00000060798,Intu,INTU,1
974,ENSMUSG00000040029,Ipo8,IPO8,0
975,ENSMUSG00000030536,Iqgap1,IQGAP1,0
976,ENSMUSG00000031392,Irak1,IRAK1,0
977,ENSMUSG00000044030,Irf2bp1,IRF2BP1,1
978,ENSMUSG00000002325,Irf9,IRF9,1
979,ENSMUSG00000069874,Irgm2,IRGM,1
980,ENSMUSG00000001504,Irx2,IRX2,0
981,ENSMUSG00000035692,Isg15,ISG15,1
982,ENSMUSG00000015533,Itga2,ITGA2,1
983,ENSMUSG00000025809,Itgb1,ITGB1,0
984,ENSMUSG00000022108,Itm2b,ITM2B,0
985,ENSMUSG00000026223,Itm2c,ITM2C,0
986,ENSMUSG00000038855,Itpkb,ITPKB,1
987,ENSMUSG00000002799,Jag2,JAG2,1
988,ENSMUSG00000063568,Jazf1,JAZF1,0
989,ENSMUSG00000052684,Jun,JUN,0
990,ENSMUSG00000052837,Junb,JUNB,1
991,ENSMUSG00000071076,Jund,JUND,1
992,ENSMUSG00000027425,Kat14,KAT14,1
993,ENSMUSG00000031540,Kat6a,KAT6A,1
994,ENSMUSG00000038909,Kat7,KAT7,1
995,ENSMUSG00000027132,Katnbl1,KATNBL1,1
996,ENSMUSG00000040606,Kazn,KAZN,0
997,ENSMUSG00000030031,Kbtbd8,KBTBD8,0
998,ENSMUSG00000018470,Kcnab3,KCNAB3,0
999,ENSMUSG00000092083,Kcnb2,KCNB2,0
1000,ENSMUSG00000033998,Kcnk1,KCNK1,0
1001,ENSMUSG00000023387,Kcnk16,KCNK16,0
1002,ENSMUSG00000049265,Kcnk3,KCNK3,1
1003,ENSMUSG00000054477,Kcnn2,KCNN2,1
1004,ENSMUSG00000101609,Kcnq1ot1,KCNQ1OT1,0
1005,ENSMUSG00000031576,Kcnu1,KCNU1,1
1006,ENSMUSG00000026608,Kctd3,KCTD3,1
1007,ENSMUSG00000016946,Kctd5,KCTD5,1
1008,ENSMUSG00000034327,Kctd9,KCTD9,1
1009,ENSMUSG00000079111,Kdelr2,KDELR2,0
1010,ENSMUSG00000038080,Kdm1b,KDM1B,0
1011,ENSMUSG00000054611,Kdm2a,KDM2A,1
1012,ENSMUSG00000024201,Kdm4b,KDM4B,1
1013,ENSMUSG00000042207,Kdm5b,KDM5B,0
1014,ENSMUSG00000018476,Kdm6b,KDM6B,0
1015,ENSMUSG00000009905,Kdsr,KDSR,1
1016,ENSMUSG00000028790,Khdrbs1,KHDRBS1,1
1017,ENSMUSG00000036333,Kidins220,KIDINS220,1
1018,ENSMUSG00000021375,Kif13a,KIF13A,1
1019,ENSMUSG00000014602,Kif1a,KIF1A,1
1020,ENSMUSG00000022629,Kif21a,KIF21A,0
1021,ENSMUSG00000027475,Kif3b,KIF3B,1
1022,ENSMUSG00000006740,Kif5b,KIF5B,1
1023,ENSMUSG00000026585,Kifap3,KIFAP3,0
1024,ENSMUSG00000037465,Klf10,KLF10,0
1025,ENSMUSG00000020653,Klf11,KLF11,0
1026,ENSMUSG00000030087,Klf15,KLF15,0
1027,ENSMUSG00000003032,Klf4,KLF4,1
1028,ENSMUSG00000048154,Kmt2d,KMT2D,0
1029,ENSMUSG00000045098,Kmt5b,KMT5B,0
1030,ENSMUSG00000027782,Kpna4,KPNA4,1
1031,ENSMUSG00000063334,Krr1,KRR1,1
1032,ENSMUSG00000046834,Krt1,KRT1,0
1033,ENSMUSG00000035557,Krt17,KRT17,1
1034,ENSMUSG00000023043,Krt18,KRT18,0
1035,ENSMUSG00000020911,Krt19,KRT19,1
1036,ENSMUSG00000023039,Krt7,KRT7,0
1037,ENSMUSG00000078252,Krtap17-1,KRTAP17-1,0
1038,ENSMUSG00000042747,Krtcap2,KRTCAP2,0
1039,ENSMUSG00000061578,Ksr2,KSR2,0
1040,ENSMUSG00000040213,Kyat3,KYAT3,0
1041,ENSMUSG00000020988,L2hgdh,L2HGDH,0
1042,ENSMUSG00000050552,Lamtor4,LAMTOR4,0
1043,ENSMUSG00000039682,Lap3,LAP3,0
1044,ENSMUSG00000020585,Laptm4a,LAPTM4A,0
1045,ENSMUSG00000022257,Laptm4b,LAPTM4B,1
1046,ENSMUSG00000035202,Lars2,LARS2,1
1047,ENSMUSG00000032193,Ldlr,LDLR,1
1048,ENSMUSG00000048661,Lemd3,LEMD3,1
1049,ENSMUSG00000005299,Letm1,LETM1,0
1050,ENSMUSG00000068220,Lgals1,LGALS1,1
1051,ENSMUSG00000033880,Lgals3bp,LGALS3BP,0
1052,ENSMUSG00000018698,Lhx1,LHX1,0
1053,ENSMUSG00000049717,Lig4,LIG4,1
1054,ENSMUSG00000020451,Limk2,LIMK2,1
1055,ENSMUSG00000003872,Lin7b,LIN7B,0
1056,ENSMUSG00000049556,Lingo1,LINGO1,1
1057,ENSMUSG00000049288,Lix1l,LIX1L,1
1058,ENSMUSG00000041891,Lman1,LMAN1,0
1059,ENSMUSG00000021484,Lman2,LMAN2,0
1060,ENSMUSG00000028063,Lmna,LMNA,1
1061,ENSMUSG00000028266,Lmo4,LMO4,1
1062,ENSMUSG00000015568,Lpl,LPL,1
1063,ENSMUSG00000040249,Lrp1,LRP1,0
1064,ENSMUSG00000037151,Lrrc20,LRRC20,0
1065,ENSMUSG00000015980,Lrrc27,LRRC27,1
1066,ENSMUSG00000030556,Lrrc28,LRRC28,0
1067,ENSMUSG00000028703,Lrrc41,LRRC41,1
1068,ENSMUSG00000027286,Lrrc57,LRRC57,0
1069,ENSMUSG00000007476,Lrrc8a,LRRC8A,1
1070,ENSMUSG00000032497,Lrrfip2,LRRFIP2,1
1071,ENSMUSG00000071862,Lrrtm2,LRRTM2,1
1072,ENSMUSG00000066568,Lsm14a,LSM14A,0
1073,ENSMUSG00000033105,Lss,LSS,1
1074,ENSMUSG00000029823,Luc7l2,LUC7L2,0
1075,ENSMUSG00000001089,Luzp1,LUZP1,1
1076,ENSMUSG00000042228,Lyn,LYN,0
1077,ENSMUSG00000025903,Lypla1,LYPLA1,1
1078,ENSMUSG00000039246,Lyplal1,LYPLAL1,0
1079,ENSMUSG00000072640,Lyrm9,LYRM9,0
1080,ENSMUSG00000043831,Lysmd4,LYSMD4,0
1081,ENSMUSG00000019726,Lyst,LYST,1
1082,ENSMUSG00000007458,M6pr,M6PR,1
1083,ENSMUSG00000047591,Mafa,MAFA,1
1084,ENSMUSG00000074622,Mafb,MAFB,0
1085,ENSMUSG00000042622,Maff,MAFF,1
1086,ENSMUSG00000025151,Maged1,MAGED1,0
1087,ENSMUSG00000045095,Magi1,MAGI1,1
1088,ENSMUSG00000050567,Maml1,MAML1,1
1089,ENSMUSG00000036646,Man1b1,MAN1B1,1
1090,ENSMUSG00000038886,Man2a2,MAN2A2,0
1091,ENSMUSG00000032295,Man2c1,MAN2C1,1
1092,ENSMUSG00000032575,Manf,MANF,0
1093,ENSMUSG00000040147,Maob,MAOB,1
1094,ENSMUSG00000052727,Map1b,MAP1B,0
1095,ENSMUSG00000015222,Map2,MAP2,1
1096,ENSMUSG00000018932,Map2k3,MAP2K3,1
1097,ENSMUSG00000023050,Map3k12,MAP3K12,0
1098,ENSMUSG00000024383,Map3k2,MAP3K2,1
1099,ENSMUSG00000031853,Map3k21,MAP3K21,1
1100,ENSMUSG00000004864,Mapk13,MAPK13,0
1101,ENSMUSG00000033902,Mapkbp1,MAPKBP1,1
1102,ENSMUSG00000029166,Mapre3,MAPRE3,0
1103,ENSMUSG00000023307,March5,March5,0
1104,ENSMUSG00000037798,Mat1a,MAT1A,1
1105,ENSMUSG00000053907,Mat2a,MAT2A,1
1106,ENSMUSG00000030678,Maz,MAZ,1
1107,ENSMUSG00000051065,Mb21d2,MB21D2,1
1108,ENSMUSG00000030322,Mbd4,MBD4,0
1109,ENSMUSG00000036792,Mbd5,MBD5,0
1110,ENSMUSG00000025409,Mbd6,MBD6,0
1111,ENSMUSG00000035596,Mboat7,MBOAT7,1
1112,ENSMUSG00000031835,Mbtps1,MBTPS1,1
1113,ENSMUSG00000071856,Mcc,MCC,1
1114,ENSMUSG00000024150,Mcfd2,MCFD2,0
1115,ENSMUSG00000029730,Mcm7,MCM7,0
1116,ENSMUSG00000064127,Med14,MED14,1
1117,ENSMUSG00000012114,Med15,MED15,1
1118,ENSMUSG00000015776,Med22,MED22,1
1119,ENSMUSG00000019984,Med23,MED23,1
1120,ENSMUSG00000015804,Med28,MED28,1
1121,ENSMUSG00000020801,Med31,MED31,1
1122,ENSMUSG00000022109,Med4,MED4,0
1123,ENSMUSG00000020397,Med7,MED7,0
1124,ENSMUSG00000041420,Meis3,MEIS3,0
1125,ENSMUSG00000038503,Mesd,MESD,1
1126,ENSMUSG00000005813,Metap1,METAP1,1
1127,ENSMUSG00000010554,Mettl16,METTL16,1
1128,ENSMUSG00000025731,Mettl26,METTL26,0
1129,ENSMUSG00000051730,Mettl5,METTL5,1
1130,ENSMUSG00000041975,Mettl8,METTL8,1
1131,ENSMUSG00000068479,Mfap1a,MFAP1,1
1132,ENSMUSG00000045665,Mfsd5,MFSD5,1
1133,ENSMUSG00000025759,Mfsd8,MFSD8,0
1134,ENSMUSG00000021000,Mia2,CTAGE1,0
1135,ENSMUSG00000056050,Mia3,MIA3,0
1136,ENSMUSG00000038244,Mical2,MICAL2,0
1137,ENSMUSG00000042570,Mier2,MIER2,0
1138,ENSMUSG00000033307,Mif,MIF,0
1139,ENSMUSG00000054942,Miga1,MIGA1,1
1140,ENSMUSG00000042444,Mindy2,MINDY2,1
1141,ENSMUSG00000031004,Mki67,MKI67,0
1142,ENSMUSG00000048578,Mlec,MLEC,0
1143,ENSMUSG00000030120,Mlf2,MLF2,0
1144,ENSMUSG00000026303,Mlph,MLPH,1
1145,ENSMUSG00000025159,Mms19,MMS19,1
1146,ENSMUSG00000021103,Mnat1,MNAT1,0
1147,ENSMUSG00000001566,Mnx1,MNX1,0
1148,ENSMUSG00000073910,Mob3b,MOB3B,0
1149,ENSMUSG00000028709,Mob3c,MOB3C,1
1150,ENSMUSG00000034602,Mon2,MON2,1
1151,ENSMUSG00000062270,Morf4l1,MORF4L1,0
1152,ENSMUSG00000038126,Mphosph9,MPHOSPH9,1
1153,ENSMUSG00000003199,Mpnd,MPND,0
1154,ENSMUSG00000017314,Mpp2,MPP2,0
1155,ENSMUSG00000057440,Mpp7,MPP7,1
1156,ENSMUSG00000026471,Mr1,MR1,0
1157,ENSMUSG00000055302,Mrfap1,MRFAP1,0
1158,ENSMUSG00000023939,Mrpl14,MRPL14,0
1159,ENSMUSG00000032563,Mrpl3,MRPL3,1
1160,ENSMUSG00000034729,Mrps10,MRPS10,0
1161,ENSMUSG00000023967,Mrps18a,MRPS18A,1
1162,ENSMUSG00000041632,Mrps27,MRPS27,1
1163,ENSMUSG00000026887,Mrrf,MRRF,1
1164,ENSMUSG00000063011,Msln,MSLN,1
1165,ENSMUSG00000031604,Msmo1,MSMO1,1
1166,ENSMUSG00000031762,Mt2,MT1A,1
1167,ENSMUSG00000021144,Mta1,MTA1,0
1168,ENSMUSG00000021519,Mterf3,MTERF3,1
1169,ENSMUSG00000015214,Mtmr1,MTMR1,1
1170,ENSMUSG00000031918,Mtmr2,MTMR2,0
1171,ENSMUSG00000018401,Mtmr4,MTMR4,1
1172,ENSMUSG00000021987,Mtmr6,MTMR6,1
1173,ENSMUSG00000019774,Mtrf1l,MTRF1L,1
1174,ENSMUSG00000022353,Mtss1,MTSS1,1
1175,ENSMUSG00000079620,Muc4,MUC4,0
1176,ENSMUSG00000023921,Mut,Mut,1
1177,ENSMUSG00000038740,Mvb12b,MVB12B,0
1178,ENSMUSG00000000386,Mx1,MX1,1
1179,ENSMUSG00000001156,Mxd1,MXD1,1
1180,ENSMUSG00000029070,Mxra8,MXRA8,1
1181,ENSMUSG00000032508,Myd88,MYD88,1
1182,ENSMUSG00000027201,Myef2,MYEF2,0
1183,ENSMUSG00000090841,Myl6,MYL6,1
1184,ENSMUSG00000000631,Myo18a,MYO18A,1
1185,ENSMUSG00000017774,Myo1c,MYO1C,1
1186,ENSMUSG00000035441,Myo1d,MYO1D,0
1187,ENSMUSG00000032220,Myo1e,MYO1E,1
1188,ENSMUSG00000033577,Myo6,MYO6,1
1189,ENSMUSG00000048481,Mypop,MYPOP,0
1190,ENSMUSG00000005982,Naa60,NAA60,1
1191,ENSMUSG00000061315,Naca,NACA,0
1192,ENSMUSG00000001910,Nacc1,NACC1,1
1193,ENSMUSG00000023143,Nagpa,NAGPA,1
1194,ENSMUSG00000009418,Nav1,NAV1,1
1195,ENSMUSG00000028224,Nbn,NBN,1
1196,ENSMUSG00000035024,Ncapd3,NCAPD3,0
1197,ENSMUSG00000008690,Ncaph2,NCAPH2,1
1198,ENSMUSG00000027698,Nceh1,NCEH1,0
1199,ENSMUSG00000027002,Nckap1,NCKAP1,1
1200,ENSMUSG00000020238,Ncln,NCLN,1
1201,ENSMUSG00000043924,Ncmap,NCMAP,0
1202,ENSMUSG00000039697,Ncoa7,NCOA7,1
1203,ENSMUSG00000018501,Ncor1,NCOR1,1
1204,ENSMUSG00000029478,Ncor2,NCOR2,1
1205,ENSMUSG00000003458,Ncstn,NCSTN,0
1206,ENSMUSG00000022678,Nde1,NDE1,0
1207,ENSMUSG00000018736,Ndel1,NDEL1,1
1208,ENSMUSG00000005125,Ndrg1,NDRG1,1
1209,ENSMUSG00000016427,Ndufa1,NDUFA1,0
1210,ENSMUSG00000002379,Ndufa11,NDUFA11,0
1211,ENSMUSG00000014294,Ndufa2,NDUFA2,0
1212,ENSMUSG00000029632,Ndufa4,NDUFA4,0
1213,ENSMUSG00000041881,Ndufa7,NDUFA7,0
1214,ENSMUSG00000027305,Ndufaf1,NDUFAF1,0
1215,ENSMUSG00000040048,Ndufb10,NDUFB10,0
1216,ENSMUSG00000031059,Ndufb11,NDUFB11,0
1217,ENSMUSG00000022354,Ndufb9,NDUFB9,0
1218,ENSMUSG00000030647,Ndufc2,NDUFC2,0
1219,ENSMUSG00000013593,Ndufs2,NDUFS2,1
1220,ENSMUSG00000092274,Neat1,NEAT1,1
1221,ENSMUSG00000024589,Nedd4l,NEDD4L,0
1222,ENSMUSG00000040037,Negr1,NEGR1,0
1223,ENSMUSG00000035032,Nek11,NEK11,0
1224,ENSMUSG00000026393,Nek7,NEK7,0
1225,ENSMUSG00000013465,Nelfb,NELFB,1
1226,ENSMUSG00000037499,Nenf,NENF,0
1227,ENSMUSG00000086537,Nespas,Nespas,0
1228,ENSMUSG00000047284,Neurl4,NEURL4,1
1229,ENSMUSG00000034701,Neurod1,NEUROD1,1
1230,ENSMUSG00000038615,Nfe2l1,NFE2L1,1
1231,ENSMUSG00000028565,Nfia,NFIA,1
1232,ENSMUSG00000001911,Nfix,NFIX,1
1233,ENSMUSG00000028163,Nfkb1,NFKB1,1
1234,ENSMUSG00000021025,Nfkbia,NFKBIA,1
1235,ENSMUSG00000035356,Nfkbiz,NFKBIZ,0
1236,ENSMUSG00000023994,Nfya,NFYA,0
1237,ENSMUSG00000026162,Nhej1,NHEJ1,1
1238,ENSMUSG00000025078,Nhlrc2,NHLRC2,1
1239,ENSMUSG00000042997,Nhlrc3,NHLRC3,0
1240,ENSMUSG00000021068,Nin,NIN,0
1241,ENSMUSG00000037966,Ninj1,NINJ1,1
1242,ENSMUSG00000030452,Nipa2,NIPA2,1
1243,ENSMUSG00000021910,Nisch,NISCH,1
1244,ENSMUSG00000032525,Nktr,NKTR,0
1245,ENSMUSG00000035187,Nkx6-1,NKX6-1,1
1246,ENSMUSG00000051790,Nlgn2,NLGN2,1
1247,ENSMUSG00000037601,Nme1,NME1,0
1248,ENSMUSG00000020857,Nme2,NME1-NME2,0
1249,ENSMUSG00000032456,Nmnat3,NMNAT3,1
1250,ENSMUSG00000026643,Nmt2,NMT2,1
1251,ENSMUSG00000067786,Nnat,NNAT,1
1252,ENSMUSG00000025869,Nop16,NOP16,1
1253,ENSMUSG00000021242,Npc2,NPC2,1
1254,ENSMUSG00000001441,Npepps,NPEPPS,1
1255,ENSMUSG00000029819,Npy,NPY,1
1256,ENSMUSG00000021775,Nr1d2,NR1D2,1
1257,ENSMUSG00000023034,Nr4a1,NR4A1,1
1258,ENSMUSG00000026826,Nr4a2,NR4A2,0
1259,ENSMUSG00000075590,Nrbp2,NRBP2,1
1260,ENSMUSG00000058440,Nrf1,NRF1,1
1261,ENSMUSG00000048978,Nrsn1,NRSN1,0
1262,ENSMUSG00000006476,Nsmf,NSMF,0
1263,ENSMUSG00000028706,Nsun4,NSUN4,1
1264,ENSMUSG00000054027,Nt5dc3,NT5DC3,1
1265,ENSMUSG00000031851,Ntpcr,NTPCR,0
1266,ENSMUSG00000030824,Nucb1,NUCB1,0
1267,ENSMUSG00000030659,Nucb2,NUCB2,0
1268,ENSMUSG00000053838,Nudcd3,NUDCD3,1
1269,ENSMUSG00000036639,Nudt1,NUDT1,0
1270,ENSMUSG00000073295,Nudt11,NUDT10,0
1271,ENSMUSG00000024228,Nudt12,NUDT12,0
1272,ENSMUSG00000032565,Nudt16,NUDT16,0
1273,ENSMUSG00000024213,Nudt3,NUDT3,1
1274,ENSMUSG00000030717,Nupr1,NUPR1,1
1275,ENSMUSG00000046719,Nxph3,NXPH3,1
1276,ENSMUSG00000042271,Nxt2,NXT2,0
1277,ENSMUSG00000054976,Nyap2,NYAP2,0
1278,ENSMUSG00000001166,Oas1c,OAS1,0
1279,ENSMUSG00000041827,Oasl1,OASL,1
1280,ENSMUSG00000029561,Oasl2,OASL2P,1
1281,ENSMUSG00000035242,Oaz1,OAZ1,0
1282,ENSMUSG00000002396,Ocel1,OCEL1,1
1283,ENSMUSG00000011179,Odc1,ODC1,1
1284,ENSMUSG00000020456,Ogdh,OGDH,1
1285,ENSMUSG00000021913,Ogdhl,OGDHL,1
1286,ENSMUSG00000033009,Ogfod1,OGFOD1,1
1287,ENSMUSG00000026158,Ogfrl1,OGFRL1,1
1288,ENSMUSG00000034160,Ogt,OGT,0
1289,ENSMUSG00000038084,Opa1,OPA1,0
1290,ENSMUSG00000026525,Opn3,OPN3,1
1291,ENSMUSG00000040044,Orc3,ORC3,1
1292,ENSMUSG00000044252,Osbpl1a,OSBPL1A,1
1293,ENSMUSG00000042359,Osbpl6,OSBPL6,1
1294,ENSMUSG00000038803,Ost4,OST4,0
1295,ENSMUSG00000041084,Ostc,OSTC,0
1296,ENSMUSG00000021203,Otub2,OTUB2,1
1297,ENSMUSG00000022307,Oxr1,OXR1,0
1298,ENSMUSG00000027765,P2ry1,P2RY1,0
1299,ENSMUSG00000038168,P3h2,P3H2,0
1300,ENSMUSG00000006931,P3h4,P3H4,0
1301,ENSMUSG00000025130,P4hb,P4HB,0
1302,ENSMUSG00000022283,Pabpc1,PABPC1,1
1303,ENSMUSG00000054582,Pabpc1l,PABPC1L,0
1304,ENSMUSG00000003131,Pafah1b2,PAFAH1B2,0
1305,ENSMUSG00000037366,Pafah2,PAFAH2,1
1306,ENSMUSG00000037058,Paip2,PAIP2,0
1307,ENSMUSG00000045896,Paip2b,PAIP2B,0
1308,ENSMUSG00000031284,Pak3,PAK3,0
1309,ENSMUSG00000074923,Pak6,BUB1B-PAK6,1
1310,ENSMUSG00000058056,Palld,PALLD,0
1311,ENSMUSG00000035863,Palm,PALM,0
1312,ENSMUSG00000026335,Pam,PAM,0
1313,ENSMUSG00000029647,Pan3,PAN3,1
1314,ENSMUSG00000037514,Pank2,PANK2,1
1315,ENSMUSG00000031934,Panx1,PANX1,1
1316,ENSMUSG00000021111,Papola,PAPOLA,0
1317,ENSMUSG00000073530,Pappa2,PAPPA2,0
1318,ENSMUSG00000024899,Papss2,PAPSS2,1
1319,ENSMUSG00000052062,Pard3b,PARD3B,1
1320,ENSMUSG00000021911,Parg,PARG,1
1321,ENSMUSG00000028964,Park7,PARK7,1
1322,ENSMUSG00000034422,Parp14,PARP14,1
1323,ENSMUSG00000032392,Parp16,PARP16,0
1324,ENSMUSG00000025237,Parp6,PARP6,0
1325,ENSMUSG00000027168,Pax6,PAX6,0
1326,ENSMUSG00000086029,Pax6os1,Pax6os1,0
1327,ENSMUSG00000056851,Pcbp2,PCBP2,0
1328,ENSMUSG00000023495,Pcbp4,PCBP4,0
1329,ENSMUSG00000051375,Pcdh1,PCDH1,1
1330,ENSMUSG00000047910,Pcdhb16,PCDHB13,0
1331,ENSMUSG00000046387,Pcdhb17,PCDHB16,0
1332,ENSMUSG00000061601,Pclo,PCLO,0
1333,ENSMUSG00000051285,Pcmtd1,PCMTD1,1
1334,ENSMUSG00000071533,Pcnp,PCNP,1
1335,ENSMUSG00000001151,Pcnt,PCNT,0
1336,ENSMUSG00000054874,Pcnx3,PCNX3,0
1337,ENSMUSG00000044254,Pcsk9,PCSK9,1
1338,ENSMUSG00000020553,Pctp,PCTP,0
1339,ENSMUSG00000005615,Pcyt1a,PCYT1A,1
1340,ENSMUSG00000035246,Pcyt1b,PCYT1B,0
1341,ENSMUSG00000024975,Pdcd4,PDCD4,0
1342,ENSMUSG00000032504,Pdcd6ip,PDCD6IP,1
1343,ENSMUSG00000023868,Pde10a,PDE10A,0
1344,ENSMUSG00000030671,Pde3b,PDE3B,1
1345,ENSMUSG00000053965,Pde5a,PDE5A,1
1346,ENSMUSG00000021684,Pde8b,PDE8B,0
1347,ENSMUSG00000025856,Pdgfa,PDGFA,1
1348,ENSMUSG00000027248,Pdia3,PDIA3,0
1349,ENSMUSG00000022844,Pdia5,PDIA5,0
1350,ENSMUSG00000020571,Pdia6,PDIA6,0
1351,ENSMUSG00000038967,Pdk2,PDK2,0
1352,ENSMUSG00000022680,Pdxdc1,PDXDC1,0
1353,ENSMUSG00000027400,Pdyn,PDYN,0
1354,ENSMUSG00000032959,Pebp1,PEBP1,1
1355,ENSMUSG00000002265,Peg3,PEG3,0
1356,ENSMUSG00000018733,Pex12,PEX12,1
1357,ENSMUSG00000019809,Pex3,PEX3,0
1358,ENSMUSG00000020899,Pfas,PFAS,0
1359,ENSMUSG00000006412,Pfdn2,PFDN2,1
1360,ENSMUSG00000001289,Pfdn5,PFDN5,0
1361,ENSMUSG00000018293,Pfn1,PFN1,0
1362,ENSMUSG00000050751,Pgbd5,PGBD5,1
1363,ENSMUSG00000062031,Pgghg,PGGHG,0
1364,ENSMUSG00000062866,Phactr2,PHACTR2,0
1365,ENSMUSG00000016624,Phf21b,PHF21B,1
1366,ENSMUSG00000018572,Phf23,PHF23,1
1367,ENSMUSG00000031295,Phka2,PHKA2,0
1368,ENSMUSG00000025178,Pi4k2a,PI4K2A,1
1369,ENSMUSG00000025423,Pias2,PIAS2,0
1370,ENSMUSG00000031381,Piga,PIGA,1
1371,ENSMUSG00000026698,Pigc,PIGC,0
1372,ENSMUSG00000022940,Pigp,PIGP,0
1373,ENSMUSG00000020901,Pik3r5,PIK3R5,0
1374,ENSMUSG00000024014,Pim1,PIM1,1
1375,ENSMUSG00000023452,Pisd,PISD,1
1376,ENSMUSG00000040430,Pitpnc1,PITPNC1,0
1377,ENSMUSG00000029406,Pitpnm2,PITPNM2,0
1378,ENSMUSG00000040543,Pitpnm3,PITPNM3,1
1379,ENSMUSG00000034462,Pkd2,PKD2,1
1380,ENSMUSG00000024247,Pkdcc,PKDCC,1
1381,ENSMUSG00000032294,Pkm,PKM,1
1382,ENSMUSG00000041957,Pkp2,PKP2,0
1383,ENSMUSG00000028750,Pla2g2c,PLA2G2C,0
1384,ENSMUSG00000041202,Pla2g2d,PLA2G2D,0
1385,ENSMUSG00000028749,Pla2g2f,PLA2G2F,1
1386,ENSMUSG00000074863,Platr25,Platr25,0
1387,ENSMUSG00000038910,Plcl2,PLCL2,0
1388,ENSMUSG00000022565,Plec,PLEC,0
1389,ENSMUSG00000049969,Plekhf2,PLEKHF2,1
1390,ENSMUSG00000024197,Plin3,PLIN3,1
1391,ENSMUSG00000004846,Plod3,PLOD3,0
1392,ENSMUSG00000031146,Plp2,PLP2,0
1393,ENSMUSG00000028517,Plpp3,PLPP3,0
1394,ENSMUSG00000040105,Plpp6,PLPP6,0
1395,ENSMUSG00000040563,Plppr2,PLPPR2,0
1396,ENSMUSG00000044667,Plppr4,PLPPR4,0
1397,ENSMUSG00000027998,Plrg1,PLRG1,1
1398,ENSMUSG00000049493,Pls1,PLS1,0
1399,ENSMUSG00000019461,Plscr3,PLSCR3,0
1400,ENSMUSG00000032377,Plscr4,PLSCR4,0
1401,ENSMUSG00000034845,Plvap,PLVAP,1
1402,ENSMUSG00000030084,Plxna1,PLXNA1,1
1403,ENSMUSG00000053646,Plxnb1,PLXNB1,0
1404,ENSMUSG00000036606,Plxnb2,PLXNB2,1
1405,ENSMUSG00000038400,Pmepa1,PMEPA1,0
1406,ENSMUSG00000046008,Pnlip,PNLIP,1
1407,ENSMUSG00000042179,Pnliprp1,PNLIPRP1,1
1408,ENSMUSG00000036257,Pnpla8,PNPLA8,0
1409,ENSMUSG00000018659,Pnpo,PNPO,1
1410,ENSMUSG00000028675,Pnrc2,PNRC2,1
1411,ENSMUSG00000020260,Pofut2,POFUT2,0
1412,ENSMUSG00000040596,Pogk,POGK,1
1413,ENSMUSG00000030042,Pole4,POLE4,0
1414,ENSMUSG00000039176,Polg,POLG,0
1415,ENSMUSG00000022476,Polr3h,POLR3H,1
1416,ENSMUSG00000028700,Pomgnt1,POMGNT1,0
1417,ENSMUSG00000034126,Pomt2,POMT2,0
1418,ENSMUSG00000029167,Ppargc1a,PPARGC1A,1
1419,ENSMUSG00000071866,Ppia,PPIA,1
1420,ENSMUSG00000078451,Ppil6,PPIL6,0
1421,ENSMUSG00000027784,Ppm1l,PPM1L,1
1422,ENSMUSG00000014956,Ppp1cb,PPP1CB,1
1423,ENSMUSG00000021285,Ppp1r13b,PPP1R13B,0
1424,ENSMUSG00000022490,Ppp1r1a,PPP1R1A,1
1425,ENSMUSG00000047714,Ppp1r2,PPP1R2,0
1426,ENSMUSG00000035829,Ppp1r26,PPP1R26,1
1427,ENSMUSG00000038976,Ppp1r9b,PPP1R9B,1
1428,ENSMUSG00000009630,Ppp2cb,PPP2CB,0
1429,ENSMUSG00000032058,Ppp2r1b,PPP2R1B,1
1430,ENSMUSG00000029120,Ppp2r2c,PPP2R2C,1
1431,ENSMUSG00000041769,Ppp2r2d,PPP2R2D,1
1432,ENSMUSG00000093803,Ppp2r3d,PPP2R3B,1
1433,ENSMUSG00000059409,Ppp2r5d,PPP2R5D,1
1434,ENSMUSG00000052296,Ppp6r1,PPP6R1,1
1435,ENSMUSG00000031149,Praf2,PRAF2,1
1436,ENSMUSG00000038943,Prc1,PRC1,0
1437,ENSMUSG00000004895,Prcc,PRCC,1
1438,ENSMUSG00000028691,Prdx1,PRDX1,0
1439,ENSMUSG00000024953,Prdx5,PRDX5,0
1440,ENSMUSG00000024127,Prepl,PREPL,1
1441,ENSMUSG00000039621,Prex1,PREX1,0
1442,ENSMUSG00000029513,Prkab1,PRKAB1,1
1443,ENSMUSG00000005469,Prkaca,PRKACA,0
1444,ENSMUSG00000005034,Prkacb,PRKACB,0
1445,ENSMUSG00000032601,Prkar2a,PRKAR2A,1
1446,ENSMUSG00000002688,Prkd1,PRKD1,1
1447,ENSMUSG00000024070,Prkd3,PRKD3,1
1448,ENSMUSG00000005268,Prlr,PRLR,1
1449,ENSMUSG00000079037,Prnp,PRNP,0
1450,ENSMUSG00000029086,Prom1,PROM1,0
1451,ENSMUSG00000022912,Pros1,PROS1,0
1452,ENSMUSG00000039449,Prpf18,PRPF18,0
1453,ENSMUSG00000023007,Prpf40b,PRPF40B,0
1454,ENSMUSG00000045725,Prr15,PRR15,0
1455,ENSMUSG00000024393,Prrc2a,PRRC2A,0
1456,ENSMUSG00000007837,Prrg2,PRRG2,0
1457,ENSMUSG00000057163,Prss2,PRSS1,1
1458,ENSMUSG00000044139,Prss53,PRSS53,1
1459,ENSMUSG00000030800,Prss8,PRSS8,1
1460,ENSMUSG00000015711,Prune1,PRUNE1,1
1461,ENSMUSG00000004207,Psap,PSAP,1
1462,ENSMUSG00000030465,Psd3,PSD3,0
1463,ENSMUSG00000019969,Psen1,PSEN1,1
1464,ENSMUSG00000028484,Psip1,PSIP1,0
1465,ENSMUSG00000015671,Psma2,PSMA2,0
1466,ENSMUSG00000030603,Psmc4,PSMC4,0
1467,ENSMUSG00000039067,Psmd7,PSMD7,0
1468,ENSMUSG00000032869,Psmf1,PSMF1,1
1469,ENSMUSG00000028134,Ptbp2,PTBP2,0
1470,ENSMUSG00000028382,Ptbp3,PTBP3,0
1471,ENSMUSG00000050737,Ptges,PTGES,0
1472,ENSMUSG00000071072,Ptges3,PTGES3,1
1473,ENSMUSG00000026238,Ptma,PTMA,0
1474,ENSMUSG00000038502,Ptov1,PTOV1,0
1475,ENSMUSG00000026064,Ptp4a1,PTP4A1,1
1476,ENSMUSG00000039515,Ptpa,PTPA,1
1477,ENSMUSG00000043733,Ptpn11,PTPN11,0
1478,ENSMUSG00000032290,Ptpn9,PTPN9,1
1479,ENSMUSG00000028399,Ptprd,PTPRD,0
1480,ENSMUSG00000033295,Ptprf,PTPRF,1
1481,ENSMUSG00000026204,Ptprn,PTPRN,0
1482,ENSMUSG00000053141,Ptprt,PTPRT,1
1483,ENSMUSG00000028909,Ptpru,PTPRU,1
1484,ENSMUSG00000020594,Pum2,PUM2,1
1485,ENSMUSG00000043991,Pura,PURA,0
1486,ENSMUSG00000094483,Purb,PURB,1
1487,ENSMUSG00000049184,Purg,PURG,1
1488,ENSMUSG00000051557,Pusl1,PUSL1,1
1489,ENSMUSG00000033885,Pxk,PXK,1
1490,ENSMUSG00000000876,Pxmp4,PXMP4,0
1491,ENSMUSG00000026520,Pycr2,PYCR2,0
1492,ENSMUSG00000047824,Pygo2,PYGO2,1
1493,ENSMUSG00000030407,Qpctl,QPCTL,0
1494,ENSMUSG00000025404,R3hdm2,R3HDM2,1
1495,ENSMUSG00000004771,Rab11a,RAB11A,0
1496,ENSMUSG00000077450,Rab11b,RAB11B,1
1497,ENSMUSG00000020149,Rab1a,RAB1A,1
1498,ENSMUSG00000027519,Rab22a,RAB22A,0
1499,ENSMUSG00000093565,Rab26os,Rab26os,0
1500,ENSMUSG00000032202,Rab27a,RAB27A,1
1501,ENSMUSG00000029128,Rab28,RAB28,1
1502,ENSMUSG00000027739,Rab33b,RAB33B,1
1503,ENSMUSG00000020175,Rab36,RAB36,1
1504,ENSMUSG00000019066,Rab3d,RAB3D,0
1505,ENSMUSG00000030704,Rab6a,RAB6A,1
1506,ENSMUSG00000079477,Rab7,RAB7A,1
1507,ENSMUSG00000003380,Rabac1,RABAC1,0
1508,ENSMUSG00000025340,Rabgef1,RABGEF1,1
1509,ENSMUSG00000015087,Rabl6,RABL6,1
1510,ENSMUSG00000020372,Rack1,RACK1,0
1511,ENSMUSG00000022248,Rad1,RAD1,0
1512,ENSMUSG00000028426,Rad23b,RAD23B,1
1513,ENSMUSG00000020380,Rad50,RAD50,0
1514,ENSMUSG00000007646,Rad51c,RAD51C,1
1515,ENSMUSG00000030166,Rad52,RAD52,1
1516,ENSMUSG00000038569,Rad9b,RAD9B,0
1517,ENSMUSG00000000441,Raf1,RAF1,0
1518,ENSMUSG00000062115,Rai1,RAI1,1
1519,ENSMUSG00000004451,Ralb,RALB,1
1520,ENSMUSG00000034353,Ramp1,RAMP1,0
1521,ENSMUSG00000052681,Rap1b,RAP1B,0
1522,ENSMUSG00000041351,Rap1gap,RAP1GAP,1
1523,ENSMUSG00000038807,Rap1gap2,RAP1GAP2,1
1524,ENSMUSG00000039844,Rapgef1,RAPGEF1,1
1525,ENSMUSG00000062232,Rapgef2,RAPGEF2,1
1526,ENSMUSG00000049044,Rapgef4,RAPGEF4,1
1527,ENSMUSG00000034472,Rasd2,RASD2,1
1528,ENSMUSG00000032356,Rasgrf1,RASGRF1,1
1529,ENSMUSG00000021708,Rasgrf2,RASGRF2,0
1530,ENSMUSG00000010067,Rassf1,RASSF1,1
1531,ENSMUSG00000038618,Rassf7,RASSF7,0
1532,ENSMUSG00000025907,Rb1cc1,RB1CC1,0
1533,ENSMUSG00000041238,Rbbp8,RBBP8,1
1534,ENSMUSG00000027428,Rbbp9,RBBP9,0
1535,ENSMUSG00000025576,Rbfox3,RBFOX3,1
1536,ENSMUSG00000026889,Rbm18,RBM18,1
1537,ENSMUSG00000029594,Rbm19,RBM19,1
1538,ENSMUSG00000024491,Rbm27,RBM27,1
1539,ENSMUSG00000027620,Rbm39,RBM39,1
1540,ENSMUSG00000026970,Rbms1,RBMS1,1
1541,ENSMUSG00000024990,Rbp4,RBP4,0
1542,ENSMUSG00000075376,Rc3h2,RC3H2,1
1543,ENSMUSG00000005973,Rcn1,RCN1,0
1544,ENSMUSG00000066441,Rdh11,RDH11,1
1545,ENSMUSG00000028476,Reck,RECK,0
1546,ENSMUSG00000005873,Reep5,REEP5,0
1547,ENSMUSG00000059654,Reg1,REG1A,1
1548,ENSMUSG00000040855,Reps2,REPS2,1
1549,ENSMUSG00000017802,Retreg3,RETREG3,1
1550,ENSMUSG00000022881,Rfc4,RFC4,0
1551,ENSMUSG00000029363,Rfc5,RFC5,0
1552,ENSMUSG00000025158,Rfng,RFNG,1
1553,ENSMUSG00000052395,Rft1,RFT1,0
1554,ENSMUSG00000005774,Rfx5,RFX5,1
1555,ENSMUSG00000036120,Rfxank,RFXANK,0
1556,ENSMUSG00000026482,Rgl1,RGL1,1
1557,ENSMUSG00000041354,Rgl2,RGL2,1
1558,ENSMUSG00000048027,Rgmb,RGMB,1
1559,ENSMUSG00000028468,Rgp1,RGP1,1
1560,ENSMUSG00000026475,Rgs16,RGS16,0
1561,ENSMUSG00000026360,Rgs2,RGS2,0
1562,ENSMUSG00000038530,Rgs4,RGS4,1
1563,ENSMUSG00000026678,Rgs5,RGS5,0
1564,ENSMUSG00000039917,Rhbdd2,RHBDD2,0
1565,ENSMUSG00000022075,Rhobtb2,RHOBTB2,0
1566,ENSMUSG00000021589,Rhobtb3,RHOBTB3,1
1567,ENSMUSG00000073982,Rhog,RHOG,1
1568,ENSMUSG00000038658,Ric1,RIC1,0
1569,ENSMUSG00000029420,Rimbp2,RIMBP2,0
1570,ENSMUSG00000002222,Rmnd5a,RMND5A,0
1571,ENSMUSG00000035896,Rnase1,RNASE1,1
1572,ENSMUSG00000021876,Rnase4,RNASE4,1
1573,ENSMUSG00000032217,Rnf111,RNF111,0
1574,ENSMUSG00000041528,Rnf123,RNF123,0
1575,ENSMUSG00000060450,Rnf14,RNF14,1
1576,ENSMUSG00000019189,Rnf145,RNF145,1
1577,ENSMUSG00000047747,Rnf150,RNF150,0
1578,ENSMUSG00000052949,Rnf157,RNF157,1
1579,ENSMUSG00000014074,Rnf168,RNF168,1
1580,ENSMUSG00000058761,Rnf169,RNF169,1
1581,ENSMUSG00000013878,Rnf170,RNF170,1
1582,ENSMUSG00000021720,Rnf180,RNF180,1
1583,ENSMUSG00000020496,Rnf187,RNF187,1
1584,ENSMUSG00000070327,Rnf213,RNF213,1
1585,ENSMUSG00000020521,Rnft1,RNFT1,1
1586,ENSMUSG00000000751,Rpa1,RPA1,0
1587,ENSMUSG00000057132,Rpgrip1,RPGRIP1,1
1588,ENSMUSG00000020847,Rph3al,RPH3AL,1
1589,ENSMUSG00000037805,Rpl10a,RPL10A,0
1590,ENSMUSG00000059291,Rpl11,RPL11,0
1591,ENSMUSG00000038900,Rpl12,RPL12,0
1592,ENSMUSG00000025794,Rpl14,RPL14,0
1593,ENSMUSG00000012405,Rpl15,RPL15,0
1594,ENSMUSG00000062328,Rpl17,RPL17,0
1595,ENSMUSG00000059070,Rpl18,RPL18,0
1596,ENSMUSG00000045128,Rpl18a,RPL18A,0
1597,ENSMUSG00000041453,Rpl21,RPL21,0
1598,ENSMUSG00000028936,Rpl22,RPL22,0
1599,ENSMUSG00000039221,Rpl22l1,RPL22L1,0
1600,ENSMUSG00000071415,Rpl23,RPL23,0
1601,ENSMUSG00000058546,Rpl23a,RPL23A,0
1602,ENSMUSG00000098274,Rpl24,RPL24,0
1603,ENSMUSG00000060938,Rpl26,RPL26,0
1604,ENSMUSG00000073640,Rpl27-ps3,Rpl27-ps3,0
1605,ENSMUSG00000030432,Rpl28,RPL28,0
1606,ENSMUSG00000048758,Rpl29,RPL29,0
1607,ENSMUSG00000060036,Rpl3,RPL3,0
1608,ENSMUSG00000058600,Rpl30,RPL30,0
1609,ENSMUSG00000073702,Rpl31,RPL31,0
1610,ENSMUSG00000062006,Rpl34,RPL34,0
1611,ENSMUSG00000062997,Rpl35,RPL35,0
1612,ENSMUSG00000060636,Rpl35a,RPL35A,0
1613,ENSMUSG00000057863,Rpl36,RPL36,0
1614,ENSMUSG00000079435,Rpl36a,RPL36A,0
1615,ENSMUSG00000049751,Rpl36al,RPL36A,0
1616,ENSMUSG00000041841,Rpl37,RPL37,0
1617,ENSMUSG00000046330,Rpl37a,RPL37A,0
1618,ENSMUSG00000057322,Rpl38,RPL38,0
1619,ENSMUSG00000079641,Rpl39,RPL39,0
1620,ENSMUSG00000032399,Rpl4,RPL4,0
1621,ENSMUSG00000058558,Rpl5,RPL5,0
1622,ENSMUSG00000029614,Rpl6,RPL6,0
1623,ENSMUSG00000043716,Rpl7,RPL7,0
1624,ENSMUSG00000062647,Rpl7a,RPL7A,0
1625,ENSMUSG00000063888,Rpl7l1,RPL7L1,1
1626,ENSMUSG00000003970,Rpl8,RPL8,0
1627,ENSMUSG00000047215,Rpl9,RPL9,0
1628,ENSMUSG00000025508,Rplp2,RPLP2,0
1629,ENSMUSG00000030062,Rpn1,RPN1,0
1630,ENSMUSG00000027642,Rpn2,RPN2,0
1631,ENSMUSG00000024800,Rpp30,RPP30,0
1632,ENSMUSG00000052146,Rps10,RPS10,0
1633,ENSMUSG00000003429,Rps11,RPS11,0
1634,ENSMUSG00000061983,Rps12,RPS12,0
1635,ENSMUSG00000090862,Rps13,RPS13,0
1636,ENSMUSG00000063457,Rps15,RPS15,0
1637,ENSMUSG00000008683,Rps15a,RPS15A,0
1638,ENSMUSG00000037563,Rps16,RPS16,0
1639,ENSMUSG00000061787,Rps17,RPS17,0
1640,ENSMUSG00000008668,Rps18,RPS18,0
1641,ENSMUSG00000040952,Rps19,RPS19,0
1642,ENSMUSG00000044533,Rps2,RPS2,0
1643,ENSMUSG00000028234,Rps20,RPS20,0
1644,ENSMUSG00000039001,Rps21,RPS21,0
1645,ENSMUSG00000049517,Rps23,RPS23,0
1646,ENSMUSG00000009927,Rps25,RPS25,0
1647,ENSMUSG00000025362,Rps26,RPS26,0
1648,ENSMUSG00000090733,Rps27,RPS27,0
1649,ENSMUSG00000036781,Rps27l,RPS27L,0
1650,ENSMUSG00000067288,Rps28,RPS28,0
1651,ENSMUSG00000034892,Rps29,RPS29,0
1652,ENSMUSG00000030744,Rps3,RPS3,0
1653,ENSMUSG00000031320,Rps4x,RPS4X,0
1654,ENSMUSG00000012848,Rps5,RPS5,0
1655,ENSMUSG00000028495,Rps6,RPS6,0
1656,ENSMUSG00000023809,Rps6ka2,RPS6KA2,0
1657,ENSMUSG00000061477,Rps7,RPS7,0
1658,ENSMUSG00000006333,Rps9,RPS9,0
1659,ENSMUSG00000025583,Rptor,RPTOR,1
1660,ENSMUSG00000027422,Rrbp1,RRBP1,0
1661,ENSMUSG00000022682,Rrn3,RRN3,1
1662,ENSMUSG00000020641,Rsad2,RSAD2,1
1663,ENSMUSG00000037266,Rsrp1,RSRP1,1
1664,ENSMUSG00000030401,Rtn2,RTN2,0
1665,ENSMUSG00000035629,Rubcn,RUBCN,1
1666,ENSMUSG00000029291,Rufy3,RUFY3,1
1667,ENSMUSG00000035007,Rundc1,RUNDC1,1
1668,ENSMUSG00000006586,Runx1t1,RUNX1T1,0
1669,ENSMUSG00000072872,Rybp,RYBP,0
1670,ENSMUSG00000041959,S100a10,S100A10,0
1671,ENSMUSG00000074457,S100a16,S100A16,0
1672,ENSMUSG00000001025,S100a6,S100A6,0
1673,ENSMUSG00000038605,Samd10,SAMD10,0
1674,ENSMUSG00000047181,Samd14,SAMD14,1
1675,ENSMUSG00000109336,Samd4b,SAMD4B,1
1676,ENSMUSG00000021770,Samd8,SAMD8,1
1677,ENSMUSG00000031532,Saraf,SARAF,0
1678,ENSMUSG00000015305,Sash1,SASH1,1
1679,ENSMUSG00000023927,Satb1,SATB1,1
1680,ENSMUSG00000032018,Sc5d,SC5D,1
1681,ENSMUSG00000022983,Scaf4,SCAF4,1
1682,ENSMUSG00000021687,Scamp1,SCAMP1,1
1683,ENSMUSG00000032485,Scap,SCAP,1
1684,ENSMUSG00000037936,Scarb1,SCARB1,0
1685,ENSMUSG00000025203,Scd2,SCD,1
1686,ENSMUSG00000059834,Sclt1,SCLT1,0
1687,ENSMUSG00000030873,Scnn1b,SCNN1B,1
1688,ENSMUSG00000048385,Scrt1,SCRT1,1
1689,ENSMUSG00000017009,Sdc4,SDC4,0
1690,ENSMUSG00000028249,Sdcbp,SDCBP,0
1691,ENSMUSG00000026927,Sdccag3,Sdccag3,1
1692,ENSMUSG00000026504,Sdccag8,SDCCAG8,0
1693,ENSMUSG00000022769,Sdf2l1,SDF2L1,0
1694,ENSMUSG00000022223,Sdr39u1,SDR39U1,1
1695,ENSMUSG00000034308,Sdr42e1,SDR42E1,0
1696,ENSMUSG00000024516,Sec11c,SEC11C,0
1697,ENSMUSG00000026924,Sec16a,SEC16A,1
1698,ENSMUSG00000027879,Sec22b,SEC22B,0
1699,ENSMUSG00000061536,Sec22c,SEC22C,1
1700,ENSMUSG00000055319,Sec23ip,SEC23IP,1
1701,ENSMUSG00000039367,Sec24c,SEC24C,1
1702,ENSMUSG00000035325,Sec31a,SEC31A,1
1703,ENSMUSG00000030082,Sec61a1,SEC61A1,1
1704,ENSMUSG00000053317,Sec61b,SEC61B,0
1705,ENSMUSG00000078974,Sec61g,SEC61G,0
1706,ENSMUSG00000019802,Sec63,SEC63,0
1707,ENSMUSG00000035093,Secisbp2l,SECISBP2L,0
1708,ENSMUSG00000037072,Selenof,SELENOF,0
1709,ENSMUSG00000042682,Selenok,SELENOK,0
1710,ENSMUSG00000075702,Selenom,SELENOM,0
1711,ENSMUSG00000064373,Selenop,SELENOP,0
1712,ENSMUSG00000075701,Selenos,SELENOS,0
1713,ENSMUSG00000041571,Selenow,SELENOW,1
1714,ENSMUSG00000028064,Sema4a,SEMA4A,0
1715,ENSMUSG00000030539,Sema4b,SEMA4B,1
1716,ENSMUSG00000005204,Senp3,SENP3,1
1717,ENSMUSG00000022772,Senp5,SENP5,1
1718,ENSMUSG00000034252,Senp6,SENP6,1
1719,ENSMUSG00000049091,Sephs2,SEPHS2,1
1720,ENSMUSG00000029173,Sepsecs,SEPSECS,1
1721,ENSMUSG00000019917,Sept10,Sept10,0
1722,ENSMUSG00000022456,Sept3,Sept3,0
1723,ENSMUSG00000059248,Sept9,Sept9,1
1724,ENSMUSG00000074884,Serf2,SERF2,0
1725,ENSMUSG00000058586,Serhl,SERHL,0
1726,ENSMUSG00000019877,Serinc1,SERINC1,0
1727,ENSMUSG00000027808,Serp1,SERP1,0
1728,ENSMUSG00000052584,Serp2,SERP2,0
1729,ENSMUSG00000031271,Serpina7,SERPINA7,0
1730,ENSMUSG00000045827,Serpinb9,SERPINB9,0
1731,ENSMUSG00000070436,Serpinh1,SERPINH1,1
1732,ENSMUSG00000016262,Sertad4,SERTAD4,0
1733,ENSMUSG00000032009,Sesn3,SESN3,0
1734,ENSMUSG00000054766,Set,SET,0
1735,ENSMUSG00000044791,Setd2,SETD2,1
1736,ENSMUSG00000058153,Sez6l,SEZ6L,0
1737,ENSMUSG00000030683,Sez6l2,SEZ6L2,0
1738,ENSMUSG00000033732,Sf3b3,SF3B3,1
1739,ENSMUSG00000047281,Sfn,SFN,1
1740,ENSMUSG00000025066,Sfr1,SFR1,0
1741,ENSMUSG00000029156,Sgcb,SGCB,0
1742,ENSMUSG00000020354,Sgcd,SGCD,0
1743,ENSMUSG00000019970,Sgk1,SGK1,1
1744,ENSMUSG00000050931,Sgms2,SGMS2,0
1745,ENSMUSG00000021054,Sgpp1,SGPP1,0
1746,ENSMUSG00000032908,Sgpp2,SGPP2,1
1747,ENSMUSG00000005043,Sgsh,SGSH,1
1748,ENSMUSG00000038351,Sgsm2,SGSM2,1
1749,ENSMUSG00000042743,Sgtb,SGTB,0
1750,ENSMUSG00000042594,Sh2b3,SH2B3,1
1751,ENSMUSG00000031246,Sh3bgrl,SH3BGRL,0
1752,ENSMUSG00000013646,Sh3bp5l,SH3BP5L,1
1753,ENSMUSG00000003200,Sh3gl1,SH3GL1,1
1754,ENSMUSG00000053617,Sh3pxd2a,SH3PXD2A,1
1755,ENSMUSG00000031642,Sh3rf1,SH3RF1,0
1756,ENSMUSG00000035109,Shc4,SHC4,0
1757,ENSMUSG00000041889,Shisa4,SHISA4,1
1758,ENSMUSG00000090112,Shprh,SHPRH,1
1759,ENSMUSG00000040749,Siah1b,SIAH1,1
1760,ENSMUSG00000042557,Sin3a,SIN3A,1
1761,ENSMUSG00000054021,Sirt5,SIRT5,0
1762,ENSMUSG00000023030,Slc11a2,SLC11A2,1
1763,ENSMUSG00000024597,Slc12a2,SLC12A2,0
1764,ENSMUSG00000040938,Slc16a11,SLC16A11,1
1765,ENSMUSG00000041920,Slc16a6,SLC16A6,1
1766,ENSMUSG00000038267,Slc22a23,SLC22A23,0
1767,ENSMUSG00000035183,Slc24a5,SLC24A5,0
1768,ENSMUSG00000025792,Slc25a10,SLC25A10,1
1769,ENSMUSG00000019082,Slc25a22,SLC25A22,1
1770,ENSMUSG00000023912,Slc25a27,SLC25A27,0
1771,ENSMUSG00000061904,Slc25a3,SLC25A3,0
1772,ENSMUSG00000032519,Slc25a38,SLC25A38,1
1773,ENSMUSG00000031633,Slc25a4,SLC25A4,0
1774,ENSMUSG00000024259,Slc25a46,SLC25A46,1
1775,ENSMUSG00000045973,Slc25a51,SLC25A51,1
1776,ENSMUSG00000044348,Slc25a53,SLC25A53,1
1777,ENSMUSG00000034320,Slc26a2,SLC26A2,0
1778,ENSMUSG00000031808,Slc27a1,SLC27A1,1
1779,ENSMUSG00000027690,Slc2a2,SLC2A2,1
1780,ENSMUSG00000028976,Slc2a5,SLC2A5,0
1781,ENSMUSG00000021629,Slc30a5,SLC30A5,0
1782,ENSMUSG00000022315,Slc30a8,SLC30A8,1
1783,ENSMUSG00000027822,Slc33a1,SLC33A1,0
1784,ENSMUSG00000027957,Slc35a3,SLC35A3,0
1785,ENSMUSG00000020873,Slc35b1,SLC35B1,0
1786,ENSMUSG00000017664,Slc35c2,SLC35C2,1
1787,ENSMUSG00000019731,Slc35e1,SLC35E1,1
1788,ENSMUSG00000060181,Slc35e3,SLC35E3,0
1789,ENSMUSG00000026342,Slc35f5,SLC35F5,0
1790,ENSMUSG00000020261,Slc36a1,SLC36A1,1
1791,ENSMUSG00000024036,Slc37a1,SLC37A1,1
1792,ENSMUSG00000029924,Slc37a3,SLC37A3,0
1793,ENSMUSG00000061306,Slc38a10,SLC38A10,1
1794,ENSMUSG00000022464,Slc38a4,SLC38A4,1
1795,ENSMUSG00000052310,Slc39a1,SLC39A1,1
1796,ENSMUSG00000025986,Slc39a10,SLC39A10,1
1797,ENSMUSG00000022094,Slc39a14,SLC39A14,0
1798,ENSMUSG00000048833,Slc39a9,SLC39A9,0
1799,ENSMUSG00000038178,Slc43a2,SLC43A2,1
1800,ENSMUSG00000026904,Slc4a10,SLC4A10,0
1801,ENSMUSG00000029141,Slc4a1ap,SLC4A1AP,1
1802,ENSMUSG00000028962,Slc4a2,SLC4A2,1
1803,ENSMUSG00000060961,Slc4a4,SLC4A4,0
1804,ENSMUSG00000021733,Slc4a7,SLC4A7,1
1805,ENSMUSG00000006641,Slc5a6,SLC5A6,1
1806,ENSMUSG00000041313,Slc7a1,SLC7A1,1
1807,ENSMUSG00000069072,Slc7a14,SLC7A14,1
1808,ENSMUSG00000028854,Slc9a1,SLC9A1,1
1809,ENSMUSG00000025060,Slk,SLK,0
1810,ENSMUSG00000020409,Slu7,SLU7,0
1811,ENSMUSG00000059772,Slx1b,SLX1A,1
1812,ENSMUSG00000039738,Slx4,SLX4,0
1813,ENSMUSG00000024515,Smad4,SMAD4,1
1814,ENSMUSG00000025880,Smad7,SMAD7,0
1815,ENSMUSG00000032870,Smap2,SMAP2,0
1816,ENSMUSG00000058173,Smco4,SMCO4,1
1817,ENSMUSG00000022452,Smdt1,SMDT1,0
1818,ENSMUSG00000042772,Smg7,SMG7,1
1819,ENSMUSG00000072704,Smim10l1,SMIM10,1
1820,ENSMUSG00000091264,Smim13,SMIM13,0
1821,ENSMUSG00000037822,Smim14,SMIM14,0
1822,ENSMUSG00000044600,Smim7,SMIM7,1
1823,ENSMUSG00000021645,Smn1,SMN1,1
1824,ENSMUSG00000025024,Smndc1,SMNDC1,1
1825,ENSMUSG00000021136,Smoc1,SMOC1,0
1826,ENSMUSG00000036061,Smug1,SMUG1,1
1827,ENSMUSG00000038780,Smurf1,SMURF1,0
1828,ENSMUSG00000018363,Smurf2,SMURF2,1
1829,ENSMUSG00000022676,Snai2,SNAI2,1
1830,ENSMUSG00000027273,Snap25,SNAP25,0
1831,ENSMUSG00000022765,Snap29,SNAP29,1
1832,ENSMUSG00000044349,Snhg11,SNHG11,0
1833,ENSMUSG00000086859,Snhg20,SNHG20,1
1834,ENSMUSG00000040767,Snrnp25,SNRNP25,0
1835,ENSMUSG00000020590,Snx13,SNX13,1
1836,ENSMUSG00000038291,Snx25,SNX25,1
1837,ENSMUSG00000028136,Snx27,SNX27,1
1838,ENSMUSG00000056185,Snx32,SNX32,0
1839,ENSMUSG00000022808,Snx4,SNX4,0
1840,ENSMUSG00000020027,Socs2,SOCS2,1
1841,ENSMUSG00000038485,Socs7,SOCS7,0
1842,ENSMUSG00000006818,Sod2,SOD2,0
1843,ENSMUSG00000031626,Sorbs2,SORBS2,1
1844,ENSMUSG00000027227,Sord,SORD,0
1845,ENSMUSG00000068747,Sort1,SORT1,1
1846,ENSMUSG00000098188,Sowahc,SOWAHC,1
1847,ENSMUSG00000070643,Sox13,SOX13,0
1848,ENSMUSG00000076431,Sox4,SOX4,0
1849,ENSMUSG00000063714,Sp3os,Sp3os,0
1850,ENSMUSG00000020859,Spag9,SPAG9,0
1851,ENSMUSG00000018593,Sparc,SPARC,1
1852,ENSMUSG00000048478,Spata33,SPATA33,0
1853,ENSMUSG00000051934,Spats2,SPATS2,0
1854,ENSMUSG00000005233,Spc25,SPC25,1
1855,ENSMUSG00000021917,Spcs1,SPCS1,0
1856,ENSMUSG00000035227,Spcs2,SPCS2,0
1857,ENSMUSG00000054408,Spcs3,SPCS3,0
1858,ENSMUSG00000021395,Spin1,SPIN1,1
1859,ENSMUSG00000074227,Spint2,SPINT2,0
1860,ENSMUSG00000024533,Spire1,SPIRE1,1
1861,ENSMUSG00000058297,Spock2,SPOCK2,0
1862,ENSMUSG00000029304,Spp1,SPP1,0
1863,ENSMUSG00000045671,Spred2,SPRED2,1
1864,ENSMUSG00000022114,Spry2,SPRY2,0
1865,ENSMUSG00000024427,Spry4,SPRY4,0
1866,ENSMUSG00000015837,Sqstm1,SQSTM1,1
1867,ENSMUSG00000022463,Srebf2,SREBF2,1
1868,ENSMUSG00000020077,Srgn,SRGN,1
1869,ENSMUSG00000003161,Sri,SRI,0
1870,ENSMUSG00000026511,Srp9,SRP9,0
1871,ENSMUSG00000032042,Srpr,SRPRA,0
1872,ENSMUSG00000039218,Srrm2,SRRM2,0
1873,ENSMUSG00000054679,Srsf12,SRSF12,0
1874,ENSMUSG00000034120,Srsf2,SRSF2,1
1875,ENSMUSG00000021134,Srsf5,SRSF5,1
1876,ENSMUSG00000024097,Srsf7,SRSF7,1
1877,ENSMUSG00000032802,Srxn1,SRXN1,0
1878,ENSMUSG00000037013,Ss18,SS18,1
1879,ENSMUSG00000021427,Ssr1,SSR1,0
1880,ENSMUSG00000041355,Ssr2,SSR2,0
1881,ENSMUSG00000027828,Ssr3,SSR3,0
1882,ENSMUSG00000044933,Sstr3,SSTR3,1
1883,ENSMUSG00000029038,Ssu72,SSU72,0
1884,ENSMUSG00000032038,St3gal4,ST3GAL4,0
1885,ENSMUSG00000031024,St5,St5,1
1886,ENSMUSG00000022885,St6gal1,ST6GAL1,0
1887,ENSMUSG00000079442,St6galnac4,ST6GALNAC4,1
1888,ENSMUSG00000055371,Stam2,STAM2,0
1889,ENSMUSG00000030688,Stard10,STARD10,1
1890,ENSMUSG00000024378,Stard4,STARD4,1
1891,ENSMUSG00000026104,Stat1,STAT1,1
1892,ENSMUSG00000040033,Stat2,STAT2,1
1893,ENSMUSG00000004040,Stat3,STAT3,1
1894,ENSMUSG00000020919,Stat5b,STAT5B,1
1895,ENSMUSG00000024966,Stip1,STIP1,1
1896,ENSMUSG00000063410,Stk24,STK24,0
1897,ENSMUSG00000037885,Stk35,STK35,0
1898,ENSMUSG00000024006,Stk38,STK38,1
1899,ENSMUSG00000018209,Stk4,STK4,0
1900,ENSMUSG00000042608,Stk40,STK40,1
1901,ENSMUSG00000028832,Stmn1,STMN1,0
1902,ENSMUSG00000042694,Stn1,STN1,0
1903,ENSMUSG00000039232,Stx11,STX11,1
1904,ENSMUSG00000061455,Stx17,STX17,0
1905,ENSMUSG00000029428,Stx2,STX2,0
1906,ENSMUSG00000023122,Sult1c2,SULT1C2,1
1907,ENSMUSG00000029273,Sult1d1,SULT1D1P,0
1908,ENSMUSG00000030101,Sumf1,SUMF1,1
1909,ENSMUSG00000020738,Sumo2,SUMO2,0
1910,ENSMUSG00000042524,Sun2,SUN2,0
1911,ENSMUSG00000035726,Supt16,SUPT16H,1
1912,ENSMUSG00000053134,Supt7l,SUPT7L,1
1913,ENSMUSG00000015790,Surf1,SURF1,0
1914,ENSMUSG00000014867,Surf4,SURF4,0
1915,ENSMUSG00000038578,Susd1,SUSD1,0
1916,ENSMUSG00000039231,Suv39h1,SUV39H1,0
1917,ENSMUSG00000053025,Sv2b,SV2B,0
1918,ENSMUSG00000024236,Svil,SVIL,0
1919,ENSMUSG00000074093,Svip,SVIP,1
1920,ENSMUSG00000031015,Swap70,SWAP70,1
1921,ENSMUSG00000044627,Swi5,SWI5,0
1922,ENSMUSG00000051238,Swsap1,SWSAP1,1
1923,ENSMUSG00000084174,Sycn,SYCN,1
1924,ENSMUSG00000090935,Synj2bp,SYNJ2BP,0
1925,ENSMUSG00000034940,Synrg,SYNRG,1
1926,ENSMUSG00000031144,Syp,SYP,0
1927,ENSMUSG00000027220,Syt13,SYT13,0
1928,ENSMUSG00000024261,Syt4,SYT4,0
1929,ENSMUSG00000024743,Syt7,SYT7,0
1930,ENSMUSG00000031314,Taf1,TAF1,1
1931,ENSMUSG00000025782,Taf3,TAF3,1
1932,ENSMUSG00000054321,Taf4b,TAF4B,1
1933,ENSMUSG00000090290,Tarbp1,TARBP1,1
1934,ENSMUSG00000023051,Tarbp2,TARBP2,1
1935,ENSMUSG00000004535,Tax1bp1,TAX1BP1,1
1936,ENSMUSG00000048720,Tbc1d12,TBC1D12,1
1937,ENSMUSG00000039678,Tbc1d13,TBC1D13,1
1938,ENSMUSG00000020130,Tbc1d15,TBC1D15,0
1939,ENSMUSG00000039976,Tbc1d16,TBC1D16,1
1940,ENSMUSG00000036473,Tbc1d24,TBC1D24,1
1941,ENSMUSG00000039201,Tbc1d25,TBC1D25,1
1942,ENSMUSG00000052302,Tbc1d30,TBC1D30,0
1943,ENSMUSG00000038122,Tbc1d32,TBC1D32,0
1944,ENSMUSG00000039230,Tbcd,TBCD,0
1945,ENSMUSG00000027630,Tbl1xr1,TBL1XR1,0
1946,ENSMUSG00000036667,Tcaf1,TCAF1,0
1947,ENSMUSG00000001604,Tcea3,TCEA3,0
1948,ENSMUSG00000049536,Tceal1,TCEAL1,0
1949,ENSMUSG00000044550,Tceal3,TCEAL3,0
1950,ENSMUSG00000042712,Tceal9,TCEAL9,0
1951,ENSMUSG00000001472,Tcf25,TCF25,1
1952,ENSMUSG00000020167,Tcf3,TCF3,1
1953,ENSMUSG00000055799,Tcf7l1,TCF7L1,0
1954,ENSMUSG00000027175,Tcp11l1,TCP11L1,0
1955,ENSMUSG00000038347,Tcte2,Tcte2,0
1956,ENSMUSG00000034674,Tdg,TDG,1
1957,ENSMUSG00000055320,Tead1,TEAD1,1
1958,ENSMUSG00000045968,Teddm2,TEDDM2P,0
1959,ENSMUSG00000048078,Tenm4,TENM4,0
1960,ENSMUSG00000028345,Tex10,TEX10,0
1961,ENSMUSG00000090626,Tex9,TEX9,1
1962,ENSMUSG00000026492,Tfb2m,TFB2M,1
1963,ENSMUSG00000023990,Tfeb,TFEB,1
1964,ENSMUSG00000024028,Tff2,TFF2,1
1965,ENSMUSG00000029999,Tgfa,TGFA,0
1966,ENSMUSG00000056429,Tgoln1,TGOLN2,0
1967,ENSMUSG00000028233,Tgs1,TGS1,0
1968,ENSMUSG00000024251,Thada,THADA,1
1969,ENSMUSG00000074743,Thbd,THBD,1
1970,ENSMUSG00000040152,Thbs1,THBS1,0
1971,ENSMUSG00000056665,Them6,THEM6,1
1972,ENSMUSG00000024287,Thoc1,THOC1,1
1973,ENSMUSG00000024246,Thumpd2,THUMPD2,1
1974,ENSMUSG00000002489,Tiam1,TIAM1,0
1975,ENSMUSG00000046688,Tifa,TIFA,1
1976,ENSMUSG00000038028,Tigar,TIGAR,1
1977,ENSMUSG00000089847,Timm10b,TIMM10B,1
1978,ENSMUSG00000020219,Timm13,TIMM13,1
1979,ENSMUSG00000031158,Timm17b,TIMM17B,0
1980,ENSMUSG00000012296,Tjap1,TJAP1,1
1981,ENSMUSG00000021957,Tkt,TKT,1
1982,ENSMUSG00000032280,Tle3,TLE3,1
1983,ENSMUSG00000024642,Tle4,TLE4,0
1984,ENSMUSG00000041997,Tlk1,TLK1,0
1985,ENSMUSG00000027801,Tm4sf4,TM4SF4,0
1986,ENSMUSG00000025591,Tma16,TMA16,1
1987,ENSMUSG00000030126,Tmcc1,TMCC1,0
1988,ENSMUSG00000006850,Tmco6,TMCO6,1
1989,ENSMUSG00000021248,Tmed10,TMED10,0
1990,ENSMUSG00000029390,Tmed2,TMED2,0
1991,ENSMUSG00000032353,Tmed3,TMED3,0
1992,ENSMUSG00000004394,Tmed4,TMED4,0
1993,ENSMUSG00000033184,Tmed7,TMED7,0
1994,ENSMUSG00000006526,Tmem110,Tmem110,0
1995,ENSMUSG00000029452,Tmem116,TMEM116,0
1996,ENSMUSG00000050912,Tmem123,TMEM123,1
1997,ENSMUSG00000050854,Tmem125,TMEM125,0
1998,ENSMUSG00000026116,Tmem131,TMEM131,1
1999,ENSMUSG00000043843,Tmem145,TMEM145,1
2000,ENSMUSG00000021361,Tmem14c,TMEM14B,0
2001,ENSMUSG00000050640,Tmem150c,TMEM150C,1
2002,ENSMUSG00000012422,Tmem167,TMEM167A,0
2003,ENSMUSG00000013495,Tmem175,TMEM175,1
2004,ENSMUSG00000009035,Tmem184b,TMEM184B,1
2005,ENSMUSG00000090213,Tmem189,Tmem189,1
2006,ENSMUSG00000055692,Tmem191c,Tmem191c,1
2007,ENSMUSG00000051703,Tmem198,TMEM198,1
2008,ENSMUSG00000047090,Tmem198b,TMEM198B,0
2009,ENSMUSG00000046157,Tmem229b,TMEM229B,1
2010,ENSMUSG00000002032,Tmem25,TMEM25,1
2011,ENSMUSG00000087679,Tmem250-ps,TMEM250,1
2012,ENSMUSG00000070394,Tmem256,TMEM256,1
2013,ENSMUSG00000013858,Tmem259,TMEM259,0
2014,ENSMUSG00000036339,Tmem260,TMEM260,0
2015,ENSMUSG00000060935,Tmem263,TMEM263,0
2016,ENSMUSG00000045917,Tmem268,TMEM268,1
2017,ENSMUSG00000015401,Tmem27,Tmem27,0
2018,ENSMUSG00000071719,Tmem28,Tmem28,0
2019,ENSMUSG00000041353,Tmem29,FAM156A,0
2020,ENSMUSG00000028618,Tmem59,TMEM59,0
2021,ENSMUSG00000035964,Tmem59l,TMEM59L,0
2022,ENSMUSG00000062373,Tmem65,TMEM65,0
2023,ENSMUSG00000048174,Tmem81,TMEM81,1
2024,ENSMUSG00000020747,Tmem94,TMEM94,1
2025,ENSMUSG00000037278,Tmem97,TMEM97,1
2026,ENSMUSG00000030059,Tmf1,TMF1,0
2027,ENSMUSG00000058587,Tmod3,TMOD3,0
2028,ENSMUSG00000079523,Tmsb10,TMSB10,0
2029,ENSMUSG00000089996,Tmsb15b2,TMSB15A,1
2030,ENSMUSG00000049775,Tmsb4x,TMSB4X,1
2031,ENSMUSG00000030306,Tmtc1,TMTC1,0
2032,ENSMUSG00000041594,Tmtc4,TMTC4,0
2033,ENSMUSG00000019850,Tnfaip3,TNFAIP3,1
2034,ENSMUSG00000063727,Tnfrsf11b,TNFRSF11B,0
2035,ENSMUSG00000023905,Tnfrsf12a,TNFRSF12A,0
2036,ENSMUSG00000010751,Tnfrsf22,Tnfrsf22,1
2037,ENSMUSG00000028965,Tnfrsf9,TNFRSF9,1
2038,ENSMUSG00000091898,Tnnc1,TNNC1,0
2039,ENSMUSG00000039477,Tnrc18,TNRC18,1
2040,ENSMUSG00000037003,Tns2,TNS2,1
2041,ENSMUSG00000020541,Tom1l1,TOM1L1,0
2042,ENSMUSG00000093904,Tomm20,TOMM20,0
2043,ENSMUSG00000022427,Tomm22,TOMM22,0
2044,ENSMUSG00000018322,Tomm34,TOMM34,1
2045,ENSMUSG00000020914,Top2a,TOP2A,0
2046,ENSMUSG00000026849,Tor1a,TOR1A,0
2047,ENSMUSG00000050565,Tor1aip2,TOR1AIP2,1
2048,ENSMUSG00000043668,Tox3,TOX3,0
2049,ENSMUSG00000016831,Tox4,TOX4,1
2050,ENSMUSG00000027506,Tpd52,TPD52,1
2051,ENSMUSG00000000827,Tpd52l2,TPD52L2,1
2052,ENSMUSG00000029735,Tpk1,TPK1,0
2053,ENSMUSG00000015363,Trabd,TRABD,0
2054,ENSMUSG00000019842,Traf3ip2,TRAF3IP2,1
2055,ENSMUSG00000017386,Traf4,TRAF4,1
2056,ENSMUSG00000042726,Trafd1,TRAFD1,1
2057,ENSMUSG00000032536,Trak1,TRAK1,0
2058,ENSMUSG00000025935,Tram1,TRAM1,0
2059,ENSMUSG00000026723,Trdmt1,TRDMT1,0
2060,ENSMUSG00000032501,Trib1,TRIB1,0
2061,ENSMUSG00000030966,Trim21,TRIM21,1
2062,ENSMUSG00000021712,Trim23,TRIM23,1
2063,ENSMUSG00000051675,Trim32,TRIM32,0
2064,ENSMUSG00000033014,Trim33,TRIM33,1
2065,ENSMUSG00000027189,Trim44,TRIM44,0
2066,ENSMUSG00000043279,Trim56,TRIM56,1
2067,ENSMUSG00000073968,Trim68,TRIM68,0
2068,ENSMUSG00000026219,Trip12,TRIP12,1
2069,ENSMUSG00000001909,Trmt1,TRMT1,0
2070,ENSMUSG00000004127,Trmt10a,TRMT10A,1
2071,ENSMUSG00000033439,Trmt13,TRMT13,1
2072,ENSMUSG00000068735,Trp53i11,TP53I11,0
2073,ENSMUSG00000038375,Trp53inp2,TP53INP2,1
2074,ENSMUSG00000009246,Trpm5,TRPM5,1
2075,ENSMUSG00000047656,Trpt1,TRPT1,0
2076,ENSMUSG00000045482,Trrap,TRRAP,0
2077,ENSMUSG00000039826,Trub2,TRUB2,1
2078,ENSMUSG00000054106,Try4,PRSS1,1
2079,ENSMUSG00000036938,Try5,PRSS1,1
2080,ENSMUSG00000022010,Tsc22d1,TSC22D1,1
2081,ENSMUSG00000029723,Tsc22d4,Tsc22d4,0
2082,ENSMUSG00000020781,Tsen54,TSEN54,0
2083,ENSMUSG00000014402,Tsg101,TSG101,0
2084,ENSMUSG00000020577,Tspan13,TSPAN13,0
2085,ENSMUSG00000032324,Tspan3,TSPAN3,0
2086,ENSMUSG00000058254,Tspan7,TSPAN7,0
2087,ENSMUSG00000030352,Tspan9,TSPAN9,1
2088,ENSMUSG00000039485,Tspyl4,TSPYL4,0
2089,ENSMUSG00000045752,Tssc4,TSSC4,1
2090,ENSMUSG00000090100,Ttbk2,TTBK2,1
2091,ENSMUSG00000056832,Ttc26,Ttc26,1
2092,ENSMUSG00000033209,Ttc28,TTC28,1
2093,ENSMUSG00000046637,Ttc34,TTC34,0
2094,ENSMUSG00000033530,Ttc7b,TTC7B,0
2095,ENSMUSG00000071660,Ttc9c,TTC9C,1
2096,ENSMUSG00000022442,Ttll1,TTLL1,0
2097,ENSMUSG00000016757,Ttll12,TTLL12,0
2098,ENSMUSG00000036745,Ttll7,TTLL7,0
2099,ENSMUSG00000030428,Ttyh1,TTYH1,0
2100,ENSMUSG00000036565,Ttyh3,TTYH3,0
2101,ENSMUSG00000072235,Tuba1a,TUBA1A,1
2102,ENSMUSG00000036752,Tubb4b,TUBB4B,0
2103,ENSMUSG00000001525,Tubb5,TUBB,0
2104,ENSMUSG00000045007,Tubg2,TUBG2,0
2105,ENSMUSG00000025474,Tubgcp2,TUBGCP2,0
2106,ENSMUSG00000051786,Tubgcp6,TUBGCP6,1
2107,ENSMUSG00000034377,Tulp4,TULP4,1
2108,ENSMUSG00000022451,Twf1,TWF1,0
2109,ENSMUSG00000023277,Twf2,TWF2,0
2110,ENSMUSG00000024098,Twsg1,TWSG1,0
2111,ENSMUSG00000038991,Txndc5,TXNDC5,0
2112,ENSMUSG00000038393,Txnip,TXNIP,0
2113,ENSMUSG00000020250,Txnrd1,TXNRD1,1
2114,ENSMUSG00000030061,Uba3,UBA3,1
2115,ENSMUSG00000032557,Uba5,UBA5,0
2116,ENSMUSG00000032020,Ubash3b,UBASH3B,0
2117,ENSMUSG00000001403,Ube2c,UBE2C,0
2118,ENSMUSG00000091896,Ube2d2a,UBE2D2,0
2119,ENSMUSG00000078578,Ube2d3,UBE2D3,0
2120,ENSMUSG00000027011,Ube2e3,UBE2E3,0
2121,ENSMUSG00000034343,Ube2f,UBE2F,1
2122,ENSMUSG00000039159,Ube2h,UBE2H,0
2123,ENSMUSG00000005575,Ube2m,UBE2M,1
2124,ENSMUSG00000032307,Ube2q2,UBE2Q2,1
2125,ENSMUSG00000036241,Ube2r2,UBE2R2,0
2126,ENSMUSG00000029577,Ube3b,UBE3B,0
2127,ENSMUSG00000039000,Ube3c,UBE3C,1
2128,ENSMUSG00000028960,Ube4b,UBE4B,1
2129,ENSMUSG00000047719,Ubiad1,UBIAD1,1
2130,ENSMUSG00000001687,Ubl3,UBL3,0
2131,ENSMUSG00000084786,Ubl5,UBL5,0
2132,ENSMUSG00000044308,Ubr3,UBR3,1
2133,ENSMUSG00000066036,Ubr4,UBR4,0
2134,ENSMUSG00000037487,Ubr5,UBR5,1
2135,ENSMUSG00000044949,Ubtd2,UBTD2,1
2136,ENSMUSG00000020923,Ubtf,UBTF,0
2137,ENSMUSG00000020634,Ubxn2a,UBXN2A,0
2138,ENSMUSG00000026353,Ubxn4,UBXN4,0
2139,ENSMUSG00000018189,Uchl5,UCHL5,0
2140,ENSMUSG00000044988,Ucn3,UCN3,1
2141,ENSMUSG00000033685,Ucp2,UCP2,0
2142,ENSMUSG00000027746,Ufm1,UFM1,0
2143,ENSMUSG00000037470,Uggt1,UGGT1,0
2144,ENSMUSG00000029260,Ugt2b34,UGT2B10,0
2145,ENSMUSG00000026667,Uhmk1,UHMK1,1
2146,ENSMUSG00000028456,Unc13b,UNC13B,0
2147,ENSMUSG00000055567,Unc80,UNC80,0
2148,ENSMUSG00000036908,Unc93b1,UNC93B1,0
2149,ENSMUSG00000043241,Upf2,UPF2,1
2150,ENSMUSG00000024208,Uqcc2,UQCC2,1
2151,ENSMUSG00000059534,Uqcr10,UQCR10,0
2152,ENSMUSG00000021520,Uqcrb,UQCRB,0
2153,ENSMUSG00000044894,Uqcrq,UQCRQ,0
2154,ENSMUSG00000029407,Uso1,USO1,0
2155,ENSMUSG00000029592,Usp30,USP30,1
2156,ENSMUSG00000056342,Usp34,USP34,0
2157,ENSMUSG00000038250,Usp38,USP38,1
2158,ENSMUSG00000051306,Usp42,USP42,1
2159,ENSMUSG00000020905,Usp43,USP43,1
2160,ENSMUSG00000090115,Usp49,USP49,1
2161,ENSMUSG00000031010,Usp9x,USP9X,1
2162,ENSMUSG00000041264,Uspl1,USPL1,1
2163,ENSMUSG00000028907,Utp11,UTP11,1
2164,ENSMUSG00000004356,Utp20,UTP20,0
2165,ENSMUSG00000037355,Uvssa,UVSSA,0
2166,ENSMUSG00000030403,Vasp,VASP,1
2167,ENSMUSG00000018377,Vezf1,VEZF1,1
2168,ENSMUSG00000026728,Vim,VIM,1
2169,ENSMUSG00000032528,Vipr1,VIPR1,1
2170,ENSMUSG00000096145,Vkorc1,VKORC1,0
2171,ENSMUSG00000024924,Vldlr,VLDLR,0
2172,ENSMUSG00000027291,Vps39,VPS39,1
2173,ENSMUSG00000033653,Vps8,VPS8,1
2174,ENSMUSG00000070604,Vsig10l,VSIG10L,0
2175,ENSMUSG00000054459,Vsnl1,VSNL1,1
2176,ENSMUSG00000079679,Vwde,VWDE,0
2177,ENSMUSG00000021266,Wars,Wars,1
2178,ENSMUSG00000028868,Wasf2,WASF2,1
2179,ENSMUSG00000029636,Wasf3,WASF3,0
2180,ENSMUSG00000047731,Wbp1l,WBP1L,1
2181,ENSMUSG00000037572,Wdhd1,WDHD1,0
2182,ENSMUSG00000005103,Wdr1,WDR1,1
2183,ENSMUSG00000040877,Wdr25,WDR25,1
2184,ENSMUSG00000041057,Wdr43,WDR43,1
2185,ENSMUSG00000025173,Wdr45b,WDR45B,1
2186,ENSMUSG00000026917,Wdr5,WDR5,1
2187,ENSMUSG00000034379,Wdr5b,WDR5B,1
2188,ENSMUSG00000040560,Wdr7,WDR7,1
2189,ENSMUSG00000020257,Wdr82,WDR82,1
2190,ENSMUSG00000036856,Wnt4,WNT4,0
2191,ENSMUSG00000029364,Wsb2,WSB2,1
2192,ENSMUSG00000060475,Wtap,WTAP,0
2193,ENSMUSG00000020484,Xbp1,XBP1,1
2194,ENSMUSG00000030094,Xpc,XPC,0
2195,ENSMUSG00000022401,Xpnpep3,XPNPEP3,1
2196,ENSMUSG00000021287,Xrcc3,XRCC3,0
2197,ENSMUSG00000026187,Xrcc5,XRCC5,1
2198,ENSMUSG00000028639,Ybx1,YBX1,0
2199,ENSMUSG00000021244,Ylpm1,YLPM1,0
2200,ENSMUSG00000028889,Yrdc,YRDC,1
2201,ENSMUSG00000040025,Ythdf2,YTHDF2,1
2202,ENSMUSG00000047213,Ythdf3,YTHDF3,1
2203,ENSMUSG00000020849,Ywhae,YWHAE,0
2204,ENSMUSG00000018965,Ywhah,YWHAH,1
2205,ENSMUSG00000022285,Ywhaz,YWHAZ,1
2206,ENSMUSG00000006215,Zbtb17,ZBTB17,1
2207,ENSMUSG00000022708,Zbtb20,ZBTB20,1
2208,ENSMUSG00000019826,Zbtb24,ZBTB24,0
2209,ENSMUSG00000048047,Zbtb33,ZBTB33,1
2210,ENSMUSG00000037638,Zbtb42,ZBTB42,1
2211,ENSMUSG00000049600,Zbtb45,ZBTB45,1
2212,ENSMUSG00000066798,Zbtb6,ZBTB6,1
2213,ENSMUSG00000036699,Zcchc12,ZCCHC12,0
2214,ENSMUSG00000039199,Zdhhc1,ZDHHC1,1
2215,ENSMUSG00000030471,Zdhhc13,ZDHHC13,0
2216,ENSMUSG00000033906,Zdhhc15,ZDHHC15,0
2217,ENSMUSG00000039470,Zdhhc2,ZDHHC2,1
2218,ENSMUSG00000028403,Zdhhc21,ZDHHC21,1
2219,ENSMUSG00000036304,Zdhhc23,ZDHHC23,0
2220,ENSMUSG00000031823,Zdhhc7,ZDHHC7,1
2221,ENSMUSG00000044477,Zfand3,ZFAND3,0
2222,ENSMUSG00000038872,Zfhx3,ZFHX3,0
2223,ENSMUSG00000027288,Zfp106,ZNF106,1
2224,ENSMUSG00000051034,Zfp11,ZNF117,1
2225,ENSMUSG00000057101,Zfp180,ZNF180,1
2226,ENSMUSG00000041258,Zfp236,ZNF236,0
2227,ENSMUSG00000001065,Zfp276,ZNF276,1
2228,ENSMUSG00000049764,Zfp280b,ZNF280B,0
2229,ENSMUSG00000039834,Zfp335,ZNF335,1
2230,ENSMUSG00000085436,Zfp335os,Zfp335os,1
2231,ENSMUSG00000021481,Zfp346,ZNF346,1
2232,ENSMUSG00000028799,Zfp362,ZNF362,0
2233,ENSMUSG00000037855,Zfp365,ZNF365,0
2234,ENSMUSG00000068551,Zfp467,ZNF467,0
2235,ENSMUSG00000045598,Zfp553,ZNF48,1
2236,ENSMUSG00000045519,Zfp560,ZNF560,0
2237,ENSMUSG00000030443,Zfp583,ZNF583,0
2238,ENSMUSG00000027551,Zfp64,ZFP64,0
2239,ENSMUSG00000022987,Zfp641,ZNF641,1
2240,ENSMUSG00000013419,Zfp651,Zfp651,1
2241,ENSMUSG00000062743,Zfp677,ZNF300,1
2242,ENSMUSG00000085795,Zfp703,ZNF703,0
2243,ENSMUSG00000034429,Zfp707,ZNF707,1
2244,ENSMUSG00000056019,Zfp709,ZNF124,1
2245,ENSMUSG00000090641,Zfp712,ZNF117,0
2246,ENSMUSG00000095253,Zfp799,ZNF117,0
2247,ENSMUSG00000092094,Zfp804b,ZNF804B,0
2248,ENSMUSG00000003929,Zfp81,ZNF124,1
2249,ENSMUSG00000069208,Zfp825,Zfp825,0
2250,ENSMUSG00000074405,Zfp865,ZNF865,1
2251,ENSMUSG00000054519,Zfp867,ZNF136,0
2252,ENSMUSG00000054648,Zfp869,ZNF107,1
2253,ENSMUSG00000059839,Zfp874b,ZNF117,1
2254,ENSMUSG00000072623,Zfp9,ZNF25,0
2255,ENSMUSG00000063383,Zfp947,Zfp947,0
2256,ENSMUSG00000067931,Zfp948,Zfp948,0
2257,ENSMUSG00000072774,Zfp951,Zfp951,0
2258,ENSMUSG00000053390,Zfp952,ZNF124,1
2259,ENSMUSG00000078898,Zfp968,Zfp968,1
2260,ENSMUSG00000079509,Zfx,ZFX,1
2261,ENSMUSG00000049350,Zg16,ZG16,1
2262,ENSMUSG00000054931,Zkscan4,ZKSCAN3,1
2263,ENSMUSG00000018347,Zkscan6,ZNF18,0
2264,ENSMUSG00000021945,Zmym2,ZMYM2,1
2265,ENSMUSG00000042408,Zmym6,ZMYM6,0
2266,ENSMUSG00000039671,Zmynd8,ZMYND8,1
2267,ENSMUSG00000039501,Znfx1,ZNFX1,1
2268,ENSMUSG00000058446,Znrf2,ZNRF2,0
2269,ENSMUSG00000044068,Zrsr1,Zrsr1,1
2270,ENSMUSG00000070822,Zscan18,ZSCAN18,1
2271,ENSMUSG00000061894,Zscan20,ZSCAN20,1
2272,ENSMUSG00000050619,Zscan29,ZSCAN29,0
2273,ENSMUSG00000035671,Zswim4,ZSWIM4,1
2274,ENSMUSG00000064356,mt-Atp8,ATP8,1
2275,ENSMUSG00000064360,mt-Nd3,ND3,1
2276,ENSMUSG00000065947,mt-Nd4l,ND4L,1
2277,ENSMUSG00000064367,mt-Nd5,ND5,1
